election,competitive_ratio,upward_monotonicity_failure,downward_monotonicity_failure,compromise_failure,repeal,note1,note2,note3,note4,note5,n_candidates,rank_limit,restrictive_rank_limit,first_round_overvote,ranked_single,ranked_3_or_more,ranked_multiple,total_ballots,condorcet,total_fully_ranked,mean_rankings_used,winner,n_rounds,total_pretally_exhausted,total_posttally_exhausted,total_posttally_exhausted_by_overvote,total_posttally_exhausted_by_skipped_rankings,total_posttally_exhausted_by_abstention,total_posttally_exhausted_by_duplicate_rankings,total_posttally_exhausted_by_rank_limit,total_posttally_exhausted_by_rank_limit_fully_ranked,total_posttally_exhausted_by_rank_limit_partially_ranked,first_round_winner_vote,final_round_winner_vote,first_round_winner_percent,final_round_winner_percent,first_round_winner_place
Alaska_08162022_HouseofRepresentativesSpecial,0.7100331051583376,x,,,,https://arxiv.org/abs/2209.04764,,,,,3,4,0,315.0,51868.0,64677.0,137521.0,192289.0,False,55519.0,2.119,"Peltola, Mary S.",3,315.0,11715.0,100.0,0.0,11615.0,0.0,0.0,0.0,0.0,74840.0,91307.0,39.557,51.446,1
Moab_11022021_CityCouncil,0.5896805896805897,x,,,x,https://vixra.org/abs/2208.0166,"This was a sequential rcv election, but I only simulated the first round",,,,6,6,0,21.0,146.0,1194.0,1670.0,1847.0,False,99.0,3.611,JASON TAYLOR,5,21.0,57.0,2.0,0.0,55.0,0.0,0.0,0.0,0.0,696.0,908.0,38.453,51.797,1
PierceCounty_11042008_CountyExecutiveMember,0.8396993753253513,,,x,x,https://arxiv.org/abs/2209.04764,,,,,4,3,0,532.0,91567.0,153183.0,207868.0,312771.0,True,153183.0,2.204,Pat McCarthy,4,532.0,30494.0,186.0,0.0,30308.0,0.0,0.0,0.0,0.0,79235.0,136346.0,26.488,50.755,2
Burlington_03032009_Mayor,0.856759476685676,x,,x,x,https://arxiv.org/abs/2209.04764,,,,,5,5,0,4.0,1482.0,5585.0,7498.0,8984.0,False,2853.0,3.196,Bob Kiss,5,4.0,603.0,1.0,0.0,602.0,0.0,0.0,0.0,0.0,2585.0,4313.0,28.799,51.511,2
Aspen_2009_CityCouncil,0.9,,x,,x,https://rangevoting.org/Aspen09.html,https://www.preflib.org/dataset/00016,"This wasn't in the in FairVote database, since it used a strange set of rules. But the second round where the monotonicity failure happened, was identical to IRV",,,,,,,,,,,,,,,,,,,,,,,,,,,,,
Oakland_11022010_Mayor,0.9339479918933576,,,x,,https://arxiv.org/abs/2209.04764,,,,,10,3,1,355.0,17278.0,86361.0,102560.0,122268.0,True,86361.0,2.574,JEAN QUAN,10,355.0,13838.0,171.0,0.0,4522.0,0.0,9145.0,6698.0,2447.0,29266.0,53897.0,24.468,50.957,2
Berkeley_11082016_CityCouncilDistrict2,0.9417607223476298,,,x,,https://arxiv.org/abs/2209.04764,,,,,3,3,0,17.0,1872.0,3584.0,5272.0,8123.0,True,3584.0,2.236,CHERYL DAVILA,2,17.0,404.0,1.0,0.0,403.0,0.0,0.0,0.0,0.0,2215.0,3451.0,31.031,51.247,2
Minneapolis_11072017_Ward3CityCouncil,0.8804382855301321,,,x,,https://arxiv.org/abs/2209.04764,,,,,4,3,0,2.0,1979.0,5198.0,7613.0,9877.0,True,5198.0,2.336,Steve Fletcher,4,2.0,887.0,1.0,0.0,886.0,0.0,0.0,0.0,0.0,2709.0,4860.0,28.248,55.843,2
SanFrancisco_11032020_BOARDOFSUPERVISORSDISTRICT7,0.9315997253690353,,x,,,https://arxiv.org/abs/2209.04764,,,,,7,7,0,124.0,4320.0,27480.0,35077.0,43426.0,True,13443.0,4.236,MYRNA MELGAR,6,124.0,4401.0,35.0,0.0,4366.0,0.0,0.0,0.0,0.0,7881.0,18561.0,20.037,53.136,3
Minneapolis_11022021_CityCouncilWard3,0.20255415454251535,x,x,,,https://arxiv.org/abs/2209.04764,,,,,4,3,0,17.0,5836.0,4242.0,7517.0,14438.0,True,4242.0,1.88,Michael Rainville,4,17.0,782.0,1.0,0.0,781.0,0.0,0.0,0.0,0.0,6027.0,6907.0,45.17,54.988,1
Oakland_11082022_Schoolboarddistrict4,0.9955026133462987,x,,,x,https://arxiv.org/abs/2303.05985,,,,,3,5,0,145.0,7977.0,11858.0,18664.0,30983.0,False,11665.0,2.145,MIKE HUTCHINSON,3,145.0,1983.0,28.0,0.0,1955.0,0.0,0.0,0.0,0.0,8147.0,12421.0,30.664,50.521,3
Genola_11022021_CityCouncil,0,,,,,"This was a sequential rcv election, but I only simulated the first round",,,,,3,4,0,6.0,33.0,314.0,346.0,393.0,True,314.0,2.706,HALE ROBISON,1,6.0,0.0,0.0,0.0,0.0,0.0,0.0,0.0,0.0,197.0,197.0,52.116,52.116,1
Lehi_11022021_CityCouncil,0.8243451463790447,,,,,"This was a sequential rcv election, but I only simulated the first round",,,,,9,9,0,286.0,292.0,9849.0,10709.0,11471.0,True,7058.0,7.056,CHRIS CONDIE,8,286.0,523.0,26.0,0.0,497.0,0.0,0.0,0.0,0.0,2302.0,6187.0,21.088,59.53,1
Portland_06142022_SchoolboardAL,0.5463888888888889,,,,,"This was a sequential rcv election, but I only simulated the first round",,,,,29,7,1,122.0,735.0,4984.0,8167.0,9460.0,True,1583.0,3.377,"Lentz, Sarah M.",20,122.0,1558.0,10.0,0.0,1503.0,0.0,45.0,0.0,45.0,3263.0,4042.0,36.808,55.317,1
Portland_06142022_Schoolboarddistrict5,0.1246040126715945,,,,,"This was a sequential rcv election, but I only simulated the first round",,,,,14,5,1,8.0,712.0,685.0,1238.0,2131.0,True,383.0,2.399,"Brydon, Sarah M.",7,8.0,53.0,0.0,0.0,48.0,0.0,5.0,0.0,5.0,945.0,970.0,48.511,51.187,1
Springville_11022021_CityCouncil4yr,0.5509004042631386,,,,,"This was a sequential rcv election, but I only simulated the first round",,,,,7,7,0,108.0,296.0,5329.0,5790.0,6307.0,True,4267.0,5.776,MICHAEL SNELSON,6,108.0,286.0,15.0,0.0,271.0,0.0,0.0,0.0,0.0,1803.0,3581.0,29.856,62.246,1
Vineyard_11022021_CityCouncil,0.023778071334214,,,,,"This was a sequential rcv election, but I only simulated the first round",,,,,4,4,0,1.0,101.0,1250.0,1418.0,1540.0,True,785.0,3.271,MARDI SIFUENTES,2,1.0,3.0,1.0,0.0,2.0,0.0,0.0,0.0,0.0,757.0,765.0,49.835,50.462,1
WoodlandHills_11022021_CityCouncil,0.5247524752475248,,,,,"This was a sequential rcv election, but I only simulated the first round",,,,,4,4,0,11.0,69.0,471.0,577.0,658.0,True,391.0,3.178,JANET LUNT,3,11.0,13.0,0.0,0.0,13.0,0.0,0.0,0.0,0.0,265.0,415.0,41.085,65.665,1
Alaska_04102020_PRESIDENTOFTHEUNITEDSTATES,0.006489555871020077,,,,,,,,,,9,5,1,35.0,3825.0,10613.0,15951.0,19811.0,True,5788.0,2.991,Joseph R. Biden,2,35.0,34.0,0.0,0.0,13.0,0.0,21.0,0.0,21.0,9862.0,9873.0,49.911,50.053,1
Alaska_11082022_GovernorLieutenantGovernor,0,,,,,,,,,,4,5,0,307.0,87259.0,70175.0,177485.0,266693.0,True,47992.0,2.125,Dunleavy/Dahlstrom,1,307.0,0.0,0.0,0.0,0.0,0.0,0.0,0.0,0.0,132779.0,132779.0,50.18,50.18,1
Alaska_11082022_HouseDistrict1,0,,,,,,,,,,2,3,0,3.0,4926.0,34.0,1787.0,6888.0,True,1751.0,1.271,"Ortiz, Daniel H. ""Dan""",1,3.0,0.0,0.0,0.0,0.0,0.0,0.0,0.0,0.0,3520.0,3520.0,52.451,52.451,1
Alaska_11082022_HouseDistrict10,0,,,,,,,,,,3,4,0,3.0,4033.0,1419.0,2788.0,7153.0,True,1383.0,1.622,"Johnson, Craig W.",1,3.0,0.0,0.0,0.0,0.0,0.0,0.0,0.0,0.0,3507.0,3507.0,51.422,51.422,1
Alaska_11082022_HouseDistrict11,0.3948069241011984,,,,,,,,,,3,4,0,4.0,3945.0,1566.0,3750.0,8190.0,True,1533.0,1.696,"Coulombe, Julie",3,4.0,442.0,0.0,0.0,442.0,0.0,0.0,0.0,0.0,2987.0,3683.0,38.828,50.793,2
Alaska_11082022_HouseDistrict12,0,,,,,,,,,,2,3,0,1.0,4920.0,50.0,1569.0,6774.0,True,1509.0,1.249,"Schrage, Calvin R.",1,1.0,0.0,0.0,0.0,0.0,0.0,0.0,0.0,0.0,3827.0,3827.0,58.986,58.986,1
Alaska_11082022_HouseDistrict13,0,,,,,,,,,,2,3,0,3.0,4156.0,64.0,1386.0,5790.0,True,1320.0,1.261,"Josephson, Andy",1,3.0,0.0,0.0,0.0,0.0,0.0,0.0,0.0,0.0,2909.0,2909.0,52.509,52.509,1
Alaska_11082022_HouseDistrict14,0,,,,,,,,,,2,3,0,3.0,4407.0,43.0,1304.0,6155.0,True,1251.0,1.235,"Galvin, Alyse S.",1,3.0,0.0,0.0,0.0,0.0,0.0,0.0,0.0,0.0,3818.0,3818.0,66.853,66.853,1
Alaska_11082022_HouseDistrict15,0.36642027455121434,,,,,,,,,,3,4,0,6.0,3659.0,1528.0,3625.0,7709.0,True,1485.0,1.713,"McKay, Thomas W. ""Tom""",3,6.0,318.0,1.0,0.0,317.0,0.0,0.0,0.0,0.0,2825.0,3485.0,38.8,50.05,2
Alaska_11082022_HouseDistrict16,0,,,,,,,,,,2,3,0,0,6016.0,55.0,1690.0,8068.0,True,1597.0,1.226,"Armstrong, Jennifer ""Jennie""",1,0.0,0.0,0.0,0.0,0.0,0.0,0.0,0.0,0.0,4245.0,4245.0,55.087,55.087,1
Alaska_11082022_HouseDistrict17,0,,,,,,,,,,2,3,0,6.0,2664.0,35.0,2781.0,6465.0,True,2762.0,1.516,"Fields, William Z. ""Zack""",1,6.0,0.0,0.0,0.0,0.0,0.0,0.0,0.0,0.0,3033.0,3033.0,55.702,55.702,1
Alaska_11082022_HouseDistrict18,0.5951742627345844,,,,,,,,,,3,4,0,2.0,971.0,576.0,1151.0,2297.0,True,560.0,1.823,"Groh, Cliff",3,2.0,106.0,0.0,0.0,106.0,0.0,0.0,0.0,0.0,743.0,1046.0,35.047,51.936,2
Alaska_11082022_HouseDistrict19,0,,,,,,,,,,2,3,0,10.0,1512.0,34.0,1561.0,3728.0,True,1547.0,1.515,"Mina, Genevieve G.",1,10.0,0.0,0.0,0.0,0.0,0.0,0.0,0.0,0.0,2264.0,2264.0,73.722,73.722,1
Alaska_11082022_HouseDistrict2,0,,,,,,,,,,2,3,0,1.0,5502.0,32.0,1644.0,7567.0,True,1611.0,1.234,"Himschoot, Rebecca",1,1.0,0.0,0.0,0.0,0.0,0.0,0.0,0.0,0.0,4168.0,4168.0,58.326,58.326,1
Alaska_11082022_HouseDistrict20,0,,,,,,,,,,4,5,0,8.0,2308.0,1379.0,2721.0,5469.0,True,969.0,2.014,"Gray, Andrew T.",1,8.0,0.0,0.0,0.0,0.0,0.0,0.0,0.0,0.0,2693.0,2693.0,53.603,53.603,1
Alaska_11082022_HouseDistrict21,0,,,,,,,,,,2,3,0,6.0,5393.0,47.0,1632.0,7313.0,True,1556.0,1.238,"Mears, Donna C.",1,6.0,0.0,0.0,0.0,0.0,0.0,0.0,0.0,0.0,3581.0,3581.0,50.982,50.982,1
Alaska_11082022_HouseDistrict22,0,,,,,,,,,,2,3,0,4.0,2778.0,37.0,1006.0,3964.0,True,970.0,1.275,"Wright, Stanley A.",1,4.0,0.0,0.0,0.0,0.0,0.0,0.0,0.0,0.0,1918.0,1918.0,50.727,50.727,1
Alaska_11082022_HouseDistrict23,0,,,,,,,,,,2,3,0,3.0,4604.0,81.0,2673.0,8336.0,True,2604.0,1.378,"Allard, Jamie",1,3.0,0.0,0.0,0.0,0.0,0.0,0.0,0.0,0.0,4478.0,4478.0,61.536,61.536,1
Alaska_11082022_HouseDistrict24,0,,,,,,,,,,3,4,0,8.0,3114.0,1512.0,4420.0,7996.0,True,1450.0,1.793,"Saddler, Dan",1,8.0,0.0,0.0,0.0,0.0,0.0,0.0,0.0,0.0,3976.0,3976.0,52.816,52.816,1
Alaska_11082022_HouseDistrict25,0,,,,,,,,,,2,3,0,2.0,4568.0,48.0,2749.0,8378.0,True,2711.0,1.382,"Johnson, DeLena M.",1,2.0,0.0,0.0,0.0,0.0,0.0,0.0,0.0,0.0,5689.0,5689.0,77.75,77.75,1
Alaska_11082022_HouseDistrict26,0,,,,,,,,,,2,3,0,2.0,5234.0,37.0,1403.0,7213.0,True,1342.0,1.217,"Tilton, Cathy L.",1,2.0,0.0,0.0,0.0,0.0,0.0,0.0,0.0,0.0,5360.0,5360.0,80.772,80.772,1
Alaska_11082022_HouseDistrict27,0,,,,,,,,,,3,4,0,14.0,2534.0,2207.0,3117.0,6678.0,True,2183.0,1.945,"Eastman, David",1,14.0,0.0,0.0,0.0,0.0,0.0,0.0,0.0,0.0,2887.0,2887.0,51.161,51.161,1
Alaska_11082022_HouseDistrict28,0.6166873192895498,,,,,,,,,,4,5,0,13.0,2451.0,2539.0,3567.0,7098.0,True,1855.0,2.331,"Sumner, Jesse M.",4,13.0,951.0,3.0,0.0,948.0,0.0,0.0,0.0,0.0,2202.0,3123.0,36.639,61.732,1
Alaska_11082022_HouseDistrict29,0,,,,,,,,,,2,3,0,2.0,5727.0,40.0,1767.0,8220.0,True,1717.0,1.241,"Rauscher, George",1,2.0,0.0,0.0,0.0,0.0,0.0,0.0,0.0,0.0,5554.0,5554.0,74.123,74.123,1
Alaska_11082022_HouseDistrict3,0,,,,,,,,,,1,2,0,1.0,6697.0,0,84.0,8804.0,True,6533.0,1.012,"Story, Andrea ""Andi""",1,1.0,0.0,0.0,0.0,0.0,0.0,0.0,0.0,0.0,6475.0,6475.0,95.487,95.487,1
Alaska_11082022_HouseDistrict30,0.4467333725721012,,,,,,,,,,3,4,0,12.0,3530.0,1279.0,4034.0,8135.0,True,1224.0,1.706,"McCabe, Kevin J.",3,12.0,1005.0,3.0,0.0,1002.0,0.0,0.0,0.0,0.0,3395.0,3666.0,44.931,55.961,1
Alaska_11082022_HouseDistrict31,0.44095122934300685,,,,,,,,,,3,4,0,9.0,2307.0,1318.0,2784.0,5330.0,True,1287.0,1.812,"Dibert, Maxine L.",3,9.0,419.0,1.0,0.0,418.0,0.0,0.0,0.0,0.0,2480.0,2592.0,48.761,55.539,1
Alaska_11082022_HouseDistrict32,0,,,,,,,,,,3,4,0,5.0,1411.0,771.0,1774.0,3406.0,True,753.0,1.805,"Stapp, Will B.",1,5.0,0.0,0.0,0.0,0.0,0.0,0.0,0.0,0.0,1635.0,1635.0,51.399,51.399,1
Alaska_11082022_HouseDistrict33,0,,,,,,,,,,1,2,0,0,5303.0,0,82.0,6256.0,True,5284.0,1.015,"Prax, Glenn M. ""Mike""",1,0.0,0.0,0.0,0.0,0.0,0.0,0.0,0.0,0.0,5249.0,5249.0,97.474,97.474,1
Alaska_11082022_HouseDistrict34,0.1620575221238938,,,,,,,,,,3,4,0,7.0,3732.0,1432.0,3654.0,7693.0,True,1386.0,1.693,"Tomaszewski, Frank J.",3,7.0,169.0,1.0,0.0,168.0,0.0,0.0,0.0,0.0,3612.0,4014.0,48.923,55.642,1
Alaska_11082022_HouseDistrict35,0,,,,,,,,,,4,5,0,2.0,3684.0,1784.0,3799.0,7878.0,True,1200.0,1.915,"Carrick, Ashley E.",1,2.0,0.0,0.0,0.0,0.0,0.0,0.0,0.0,0.0,3981.0,3981.0,53.208,53.208,1
Alaska_11082022_HouseDistrict36,0,,,,,,,,,,2,3,0,5.0,5867.0,65.0,1627.0,7952.0,True,1553.0,1.225,"Cronk, Mike",1,5.0,0.0,0.0,0.0,0.0,0.0,0.0,0.0,0.0,4892.0,4892.0,65.296,65.296,1
Alaska_11082022_HouseDistrict37,0,,,,,,,,,,1,2,0,1.0,3053.0,0,45.0,3665.0,True,3023.0,1.014,"Edgmon, Bryce",1,1.0,0.0,0.0,0.0,0.0,0.0,0.0,0.0,0.0,3001.0,3001.0,96.869,96.869,1
Alaska_11082022_HouseDistrict38,0,,,,,,,,,,1,2,0,4.0,3131.0,0,248.0,3763.0,True,3125.0,1.073,"McCormick, Conrad J. ""C.J.""",1,4.0,0.0,0.0,0.0,0.0,0.0,0.0,0.0,0.0,2906.0,2906.0,86.053,86.053,1
Alaska_11082022_HouseDistrict39,0,,,,,,,,,,2,3,0,13.0,1689.0,49.0,1983.0,3817.0,True,1965.0,1.55,"Foster, Neal W.",1,13.0,0.0,0.0,0.0,0.0,0.0,0.0,0.0,0.0,1872.0,1872.0,51.05,51.05,1
Alaska_11082022_HouseDistrict4,0,,,,,,,,,,2,3,0,5.0,5222.0,58.0,1675.0,7713.0,True,1628.0,1.251,"Hannan, Sara",1,5.0,0.0,0.0,0.0,0.0,0.0,0.0,0.0,0.0,5444.0,5444.0,78.944,78.944,1
Alaska_11082022_HouseDistrict40,0,,,,,,,,,,1,2,0,0,2205.0,0,36.0,2476.0,True,2214.0,1.016,"Patkotak, Josiah B. ""Aullaqsruaq""",1,0.0,0.0,0.0,0.0,0.0,0.0,0.0,0.0,0.0,2194.0,2194.0,97.903,97.903,1
Alaska_11082022_HouseDistrict5,0,,,,,,,,,,2,3,0,5.0,3633.0,33.0,1764.0,5989.0,True,1737.0,1.332,"Stutes, Louise B.",1,5.0,0.0,0.0,0.0,0.0,0.0,0.0,0.0,0.0,3289.0,3289.0,60.941,60.941,1
Alaska_11082022_HouseDistrict6,0,,,,,,,,,,3,4,0,5.0,5683.0,1528.0,3851.0,9847.0,True,1479.0,1.569,"Vance, Sarah L.",1,5.0,0.0,0.0,0.0,0.0,0.0,0.0,0.0,0.0,4958.0,4958.0,52.014,52.014,1
Alaska_11082022_HouseDistrict7,0,,,,,,,,,,2,3,0,7.0,4325.0,87.0,2545.0,7443.0,True,2482.0,1.382,"Ruffridge, Justin",1,7.0,0.0,0.0,0.0,0.0,0.0,0.0,0.0,0.0,3612.0,3612.0,52.599,52.599,1
Alaska_11082022_HouseDistrict8,0,,,,,,,,,,1,2,0,0,7074.0,0,135.0,8793.0,True,7045.0,1.019,"Carpenter, Ben",1,0.0,0.0,0.0,0.0,0.0,0.0,0.0,0.0,0.0,6964.0,6964.0,96.601,96.601,1
Alaska_11082022_HouseDistrict9,0,,,,,,,,,,2,3,0,4.0,7853.0,72.0,1978.0,10284.0,True,1884.0,1.208,"Shaw, Laddie H.",1,4.0,0.0,0.0,0.0,0.0,0.0,0.0,0.0,0.0,5326.0,5326.0,54.176,54.176,1
Alaska_11082022_SenateDistrictA,0,,,,,,,,,,2,3,0,6.0,8801.0,58.0,4200.0,14455.0,True,4156.0,1.327,"Stedman, Bert K.",1,6.0,0.0,0.0,0.0,0.0,0.0,0.0,0.0,0.0,8930.0,8930.0,68.692,68.692,1
Alaska_11082022_SenateDistrictB,0,,,,,,,,,,1,2,0,0,13281.0,0,179.0,16517.0,True,13009.0,1.013,"Kiehl, Jesse",1,0.0,0.0,0.0,0.0,0.0,0.0,0.0,0.0,0.0,12903.0,12903.0,95.862,95.862,1
Alaska_11082022_SenateDistrictC,0,,,,,,,,,,3,4,0,8.0,7871.0,3490.0,6195.0,15836.0,True,3434.0,1.693,"Stevens, Gary",1,8.0,0.0,0.0,0.0,0.0,0.0,0.0,0.0,0.0,7910.0,7910.0,56.255,56.255,1
Alaska_11082022_SenateDistrictD,0.252897936104043,,,,,,,,,,3,4,0,15.0,7646.0,2814.0,7640.0,16236.0,True,2727.0,1.689,"Bjorkman, Jesse J.",3,15.0,1077.0,2.0,0.0,1075.0,0.0,0.0,0.0,0.0,7037.0,7607.0,46.054,53.559,1
Alaska_11082022_SenateDistrictE,0.9766495666018044,,,,,,,,,,3,4,0,6.0,7497.0,3243.0,9244.0,17437.0,True,3173.0,1.751,"Giessel, Cathy",3,6.0,2904.0,2.0,0.0,2902.0,0.0,0.0,0.0,0.0,5643.0,7883.0,33.71,56.975,1
Alaska_11082022_SenateDistrictF,0,,,,,,,,,,2,3,0,3.0,11204.0,90.0,3120.0,14964.0,True,2993.0,1.224,"Kaufman, James D.",1,3.0,0.0,0.0,0.0,0.0,0.0,0.0,0.0,0.0,7809.0,7809.0,54.528,54.528,1
Alaska_11082022_SenateDistrictG,0,,,,,,,,,,2,3,0,6.0,8515.0,98.0,2716.0,11945.0,True,2598.0,1.25,"Gray-Jackson, Elvi",1,6.0,0.0,0.0,0.0,0.0,0.0,0.0,0.0,0.0,6341.0,6341.0,56.465,56.465,1
Alaska_11082022_SenateDistrictH,0,,,,,,,,,,2,3,0,7.0,11606.0,125.0,3617.0,15777.0,True,3431.0,1.245,"Claman, Matt",1,7.0,0.0,0.0,0.0,0.0,0.0,0.0,0.0,0.0,7882.0,7882.0,51.787,51.787,1
Alaska_11082022_SenateDistrictI,0,,,,,,,,,,2,3,0,7.0,5402.0,66.0,2181.0,8762.0,True,2115.0,1.295,"Tobin, Löki G.",1,7.0,0.0,0.0,0.0,0.0,0.0,0.0,0.0,0.0,5023.0,5023.0,66.24,66.24,1
Alaska_11082022_SenateDistrictJ,0.01038781163434903,,,,,,,,,,3,4,0,13.0,3614.0,2145.0,5065.0,9197.0,True,2118.0,1.835,"Dunbar, Forrest",2,13.0,30.0,2.0,0.0,28.0,0.0,0.0,0.0,0.0,4332.0,4339.0,49.942,50.197,1
Alaska_11082022_SenateDistrictK,0,,,,,,,,,,2,3,0,7.0,8164.0,82.0,2671.0,11277.0,True,2565.0,1.254,"Wielechowski, Bill",1,7.0,0.0,0.0,0.0,0.0,0.0,0.0,0.0,0.0,6278.0,6278.0,57.958,57.958,1
Alaska_11082022_SenateDistrictL,0,,,,,,,,,,2,3,0,7.0,8871.0,131.0,5850.0,16332.0,True,5717.0,1.406,"Merrick, Kelly R.",1,7.0,0.0,0.0,0.0,0.0,0.0,0.0,0.0,0.0,8516.0,8516.0,57.853,57.853,1
Alaska_11082022_SenateDistrictM,0,,,,,,,,,,2,3,0,4.0,11968.0,90.0,2895.0,15591.0,True,2730.0,1.201,"Hughes, Shelley",1,4.0,0.0,0.0,0.0,0.0,0.0,0.0,0.0,0.0,11259.0,11259.0,75.752,75.752,1
Alaska_11082022_SenateDistrictN,0.5758161097160518,,,,,,,,,,3,4,0,20.0,5075.0,4898.0,6578.0,13776.0,True,4862.0,1.99,"Wilson, David S.",3,20.0,1202.0,6.0,0.0,1196.0,0.0,0.0,0.0,0.0,5173.0,6131.0,44.419,58.704,1
Alaska_11082022_SenateDistrictO,0,,,,,,,,,,2,3,0,18.0,8393.0,90.0,5935.0,16355.0,True,5863.0,1.419,"Shower, Michael K.",1,18.0,0.0,0.0,0.0,0.0,0.0,0.0,0.0,0.0,7415.0,7415.0,51.777,51.777,1
Alaska_11082022_SenateDistrictP,0,,,,,,,,,,3,4,0,9.0,4025.0,2185.0,4392.0,8736.0,True,2136.0,1.789,"Kawasaki, Scott",1,9.0,0.0,0.0,0.0,0.0,0.0,0.0,0.0,0.0,4286.0,4286.0,50.963,50.963,1
Alaska_11082022_SenateDistrictQ,0,,,,,,,,,,3,4,0,8.0,8379.0,2777.0,4661.0,13949.0,True,2742.0,1.576,"Myers, Robert H. Jr.",1,8.0,0.0,0.0,0.0,0.0,0.0,0.0,0.0,0.0,8137.0,8137.0,62.415,62.415,1
Alaska_11082022_SenateDistrictR,0,,,,,,,,,,3,4,0,13.0,7864.0,3475.0,6827.0,15830.0,True,3427.0,1.708,"Bishop, Click",1,13.0,0.0,0.0,0.0,0.0,0.0,0.0,0.0,0.0,8323.0,8323.0,56.688,56.688,1
Alaska_11082022_SenateDistrictS,0,,,,,,,,,,2,3,0,21.0,3962.0,68.0,2972.0,7428.0,True,2941.0,1.435,"Hoffman, Lyman F.",1,21.0,0.0,0.0,0.0,0.0,0.0,0.0,0.0,0.0,4472.0,4472.0,64.55,64.55,1
Alaska_11082022_USRepresentative,0.49704251386321624,,,,,,,,,,4,5,0,436.0,87926.0,86279.0,177469.0,266797.0,True,49546.0,2.195,"Peltola, Mary S.",4,436.0,15233.0,82.0,0.0,15151.0,0.0,0.0,0.0,0.0,128705.0,137341.0,48.541,54.955,1
Alaska_11082022_USSenator,0.2517434835145866,,,,,,,,,,4,5,0,513.0,93562.0,81321.0,170671.0,266797.0,True,47800.0,2.151,"Murkowski, Lisa",4,513.0,9845.0,89.0,0.0,9756.0,0.0,0.0,0.0,0.0,113889.0,136462.0,43.155,53.712,1
Albany_11082022_BoardofEducation,0.05305615885820664,,,,,,,,,,4,5,0,55.0,909.0,4881.0,5594.0,6537.0,True,3184.0,3.098,RON ROSENBAUM,3,55.0,32.0,2.0,0.0,30.0,0.0,0.0,0.0,0.0,3214.0,3270.0,49.583,50.698,1
Albany_11082022_CityCouncil,0.721835883171071,,,,,,,,,,5,5,0,98.0,535.0,6000.0,6680.0,7269.0,True,3797.0,3.927,JOHN ANTHONY MIKI,5,98.0,509.0,24.0,0.0,485.0,0.0,0.0,0.0,0.0,2142.0,3992.0,29.87,59.922,1
Albany_11082022_FAKECityCouncil,0.8840151834668916,,,,,,,,,,4,5,0,117.0,900.0,4947.0,6238.0,7269.0,False,3762.0,3.079,ROBIN D  LOPEZ,4,117.0,297.0,15.0,0.0,282.0,0.0,0.0,0.0,0.0,2219.0,3685.0,31.346,54.335,2
Berkeley_03072017_CityCouncilDistrict4,0,,,,,,,,,,2,3,0,4.0,1460.0,0,1144.0,2620.0,True,1144.0,1.438,KATE HARRISON,1,4.0,0.0,0.0,0.0,0.0,0.0,0.0,0.0,0.0,1608.0,1608.0,61.799,61.799,1
Berkeley_11022010_CityAuditor,0,,,,,,,,,,1,3,0,22.0,31241.0,0,913.0,45986.0,True,31611.0,1.028,ANN-MARIE HOGAN,1,22.0,0.0,0.0,0.0,0.0,0.0,0.0,0.0,0.0,31428.0,31428.0,97.769,97.769,1
Berkeley_11022010_CityCouncilDistrict1,0,,,,,,,,,,4,3,0,7.0,2084.0,2651.0,3620.0,6426.0,True,2651.0,2.098,LINDA MAIO,1,7.0,0.0,0.0,0.0,0.0,0.0,0.0,0.0,0.0,3735.0,3735.0,65.526,65.526,1
Berkeley_11022010_CityCouncilDistrict4,0,,,,,,,,,,4,3,0,9.0,1341.0,2510.0,3425.0,5708.0,True,2510.0,2.244,JESSE ARREGUIN,1,9.0,0.0,0.0,0.0,0.0,0.0,0.0,0.0,0.0,2544.0,2544.0,53.457,53.457,1
Berkeley_11022010_CityCouncilDistrict7,0.017324350336862367,,,,,,,,,,3,3,0,5.0,856.0,2523.0,3330.0,4862.0,True,2523.0,2.397,KRISS WORTHINGTON,2,5.0,17.0,0.0,0.0,17.0,0.0,0.0,0.0,0.0,2078.0,2086.0,49.665,50.06,1
Berkeley_11022010_CityCouncilDistrict8,0,,,,,,,,,,3,3,0,6.0,1174.0,2361.0,3431.0,5333.0,True,2361.0,2.257,GORDON WOZNIAK,1,6.0,0.0,0.0,0.0,0.0,0.0,0.0,0.0,0.0,2806.0,2806.0,60.987,60.987,1
Berkeley_11032020_MayorBerkeleyRCV,0,,,,,,,,,,4,5,0,146.0,20870.0,25280.0,37694.0,64074.0,True,18073.0,2.417,JESSE ARREGUÍN,1,146.0,0.0,0.0,0.0,0.0,0.0,0.0,0.0,0.0,36572.0,36572.0,62.516,62.516,1
Berkeley_11032020_MemberCityCouncilDist2BerkeleyRCV,0.6213762811127379,,,,,,,,,,4,5,0,65.0,1712.0,4704.0,6504.0,8984.0,True,3235.0,2.775,TERRY TAPLIN,4,65.0,553.0,5.0,0.0,548.0,0.0,0.0,0.0,0.0,3218.0,4756.0,39.273,62.243,1
Berkeley_11032020_MemberCityCouncilDist3BerkeleyRCV,0,,,,,,,,,,3,5,0,26.0,3121.0,3186.0,4609.0,8669.0,True,3162.0,2.023,BEN BARTLETT,1,26.0,0.0,0.0,0.0,0.0,0.0,0.0,0.0,0.0,5340.0,5340.0,69.171,69.171,1
Berkeley_11032020_MemberCityCouncilDist5BerkeleyRCV,0,,,,,,,,,,3,5,0,11.0,5143.0,2522.0,4889.0,10970.0,True,2478.0,1.75,SOPHIE HAHN,1,11.0,0.0,0.0,0.0,0.0,0.0,0.0,0.0,0.0,7675.0,7675.0,76.543,76.543,1
Berkeley_11032020_MemberCityCouncilDist6BerkeleyRCV,0,,,,,,,,,,2,5,0,6.0,4482.0,89.0,3293.0,8579.0,True,3224.0,1.434,SUSAN WENGRAF,1,6.0,0.0,0.0,0.0,0.0,0.0,0.0,0.0,0.0,5624.0,5624.0,72.353,72.353,1
Berkeley_11042014_CityAuditor,0,,,,,,,,,,1,3,0,20.0,27393.0,0,0,39092.0,True,27393.0,0.999,ANN-MARIE HOGAN,1,20.0,0.0,0.0,0.0,0.0,0.0,0.0,0.0,0.0,27390.0,27390.0,100.0,100.0,1
Berkeley_11042014_CityCouncilDistrict1,0,,,,,,,,,,3,3,0,15.0,1957.0,2273.0,3614.0,6109.0,True,2273.0,2.054,LINDA MAIO,1,15.0,0.0,0.0,0.0,0.0,0.0,0.0,0.0,0.0,3038.0,3038.0,54.601,54.601,1
Berkeley_11042014_CityCouncilDistrict7,0,,,,,,,,,,2,3,0,2.0,827.0,0,678.0,1786.0,True,678.0,1.45,KRISS WORTHINGTON,1,2.0,0.0,0.0,0.0,0.0,0.0,0.0,0.0,0.0,833.0,833.0,55.422,55.422,1
Berkeley_11042014_CityCouncilDistrict8,0.80545229244114,,,,,,,,,,4,3,0,17.0,735.0,2898.0,3793.0,4964.0,True,2898.0,2.474,LORI DROSTE,3,17.0,390.0,7.0,0.0,383.0,0.0,0.0,0.0,0.0,1318.0,2072.0,29.172,50.194,1
Berkeley_11062012_CityCouncilDistrict2,0,,,,,,,,,,3,3,0,15.0,1985.0,2641.0,3827.0,6839.0,True,2641.0,2.11,DARRYL MOORE,1,15.0,0.0,0.0,0.0,0.0,0.0,0.0,0.0,0.0,3407.0,3407.0,58.701,58.701,1
Berkeley_11062012_CityCouncilDistrict3,0,,,,,,,,,,2,3,0,6.0,3021.0,167.0,2168.0,6524.0,True,2104.0,1.449,MAX ANDERSON,1,6.0,0.0,0.0,0.0,0.0,0.0,0.0,0.0,0.0,3130.0,3130.0,60.355,60.355,1
Berkeley_11062012_CityCouncilDistrict5,0,,,,,,,,,,2,3,0,5.0,4955.0,151.0,3031.0,8767.0,True,2960.0,1.398,LAURIE CAPITELLI,1,5.0,0.0,0.0,0.0,0.0,0.0,0.0,0.0,0.0,4333.0,4333.0,54.271,54.271,1
Berkeley_11062012_CityCouncilDistrict6,0,,,,,,,,,,2,3,0,9.0,5810.0,4.0,172.0,7943.0,True,81.0,1.029,SUSAN WENGRAF,1,9.0,0.0,0.0,0.0,0.0,0.0,0.0,0.0,0.0,5601.0,5601.0,93.709,93.709,1
Berkeley_11062012_Mayor,0,,,,,,,,,,7,3,1,156.0,16139.0,27671.0,37031.0,57492.0,True,27671.0,2.215,TOM BATES,1,156.0,0.0,0.0,0.0,0.0,0.0,0.0,0.0,0.0,28692.0,28692.0,54.067,54.067,1
Berkeley_11062018_CityAuditor,0,,,,,,,,,,2,3,0,110.0,32581.0,0,17804.0,57217.0,True,17804.0,1.351,JENNY WONG,1,110.0,0.0,0.0,0.0,0.0,0.0,0.0,0.0,0.0,46337.0,46337.0,92.039,92.039,1
Berkeley_11062018_CityCouncilDistrict1,0.3799717912552891,,,,,,,,,,4,3,0,26.0,1341.0,4792.0,6551.0,8466.0,True,4792.0,2.435,RASHI KESARWANI,3,26.0,313.0,2.0,0.0,311.0,0.0,0.0,0.0,0.0,3500.0,4120.0,44.461,54.505,1
Berkeley_11062018_CityCouncilDistrict4,0,,,,,,,,,,3,3,0,17.0,1250.0,2969.0,4234.0,6037.0,True,2969.0,2.311,KATE HARRISON,1,17.0,0.0,0.0,0.0,0.0,0.0,0.0,0.0,0.0,2892.0,2892.0,52.841,52.841,1
Berkeley_11062018_CityCouncilDistrict7,0,,,,,,,,,,3,3,0,9.0,523.0,1666.0,2291.0,3206.0,True,1666.0,2.404,RIGEL ROBINSON,1,9.0,0.0,0.0,0.0,0.0,0.0,0.0,0.0,0.0,1587.0,1587.0,56.517,56.517,1
Berkeley_11062018_CityCouncilDistrict8,0,,,,,,,,,,4,3,0,15.0,1378.0,3476.0,5175.0,7119.0,True,3476.0,2.318,LORI DROSTE,1,15.0,0.0,0.0,0.0,0.0,0.0,0.0,0.0,0.0,3677.0,3677.0,56.18,56.18,1
Berkeley_11082016_CityCouncilDistrict3,0,,,,,,,,,,4,3,0,15.0,1949.0,3823.0,5174.0,8276.0,True,3823.0,2.26,BEN BARTLETT,1,15.0,0.0,0.0,0.0,0.0,0.0,0.0,0.0,0.0,4060.0,4060.0,57.038,57.038,1
Berkeley_11082016_CityCouncilDistrict5,0,,,,,,,,,,2,3,0,4.0,5688.0,0,3636.0,10247.0,True,3636.0,1.39,SOPHIE HAHN,1,4.0,0.0,0.0,0.0,0.0,0.0,0.0,0.0,0.0,5821.0,5821.0,62.437,62.437,1
Berkeley_11082016_CityCouncilDistrict6,0,,,,,,,,,,3,3,0,5.0,2742.0,3107.0,4723.0,8478.0,True,3107.0,2.048,SUSAN WENGRAF,1,5.0,0.0,0.0,0.0,0.0,0.0,0.0,0.0,0.0,4358.0,4358.0,58.403,58.403,1
Berkeley_11082016_Mayor,0.060200211828214154,,,,,,,,,,8,3,1,201.0,13930.0,32923.0,45351.0,63744.0,True,32923.0,2.318,JESSE ARREGUÍN,4,201.0,599.0,9.0,0.0,267.0,0.0,323.0,25.0,298.0,29039.0,29499.0,49.099,50.387,1
Burlington_03072006_Mayor,0.6862493586454592,,,,,,,,,,5,5,0,10.0,1807.0,4717.0,7977.0,9865.0,True,2603.0,2.863,Bob Kiss,5,10.0,1032.0,2.0,0.0,1030.0,0.0,0.0,0.0,0.0,3809.0,4761.0,38.955,54.436,1
Burlington_03072023_CityCouncilCentralDistrict,0,,,,,,,,,,2,3,0,14.0,992.0,55.0,1154.0,2276.0,True,1130.0,1.554,MELO GRANT,1,14.0,0.0,0.0,0.0,0.0,0.0,0.0,0.0,0.0,1413.0,1413.0,65.874,65.874,1
Burlington_03072023_CityCouncilEastDistrict,0,,,,,,,,,,2,3,0,3.0,641.0,37.0,756.0,1467.0,True,737.0,1.564,"TIMOTHY C. DOHERTY,JR",1,3.0,0.0,0.0,0.0,0.0,0.0,0.0,0.0,0.0,747.0,747.0,53.472,53.472,1
Burlington_03072023_CityCouncilNorthDistrict,0,,,,,,,,,,1,2,0,3.0,2998.0,0,77.0,3748.0,True,3017.0,1.024,MARK BARLOW,1,3.0,0.0,0.0,0.0,0.0,0.0,0.0,0.0,0.0,2979.0,2979.0,96.91,96.91,1
Burlington_03072023_CityCouncilSouthDistrict,0,,,,,,,,,,3,4,0,10.0,750.0,708.0,940.0,1759.0,True,696.0,1.979,JOAN SHANNON,1,10.0,0.0,0.0,0.0,0.0,0.0,0.0,0.0,0.0,1196.0,1196.0,70.895,70.895,1
Corvallis_11082022_CityCouncilWard9,0.5084269662921348,,,,,,,,,,3,3,0,4.0,283.0,1997.0,2146.0,2929.0,True,1997.0,2.702,Tony Cadena,3,4.0,91.0,3.0,0.0,88.0,0.0,0.0,0.0,0.0,1065.0,1344.0,43.863,57.51,1
Corvallis_11082022_Mayor,0.6991284577491474,,,,,,,,,,3,3,0,31.0,1775.0,17308.0,18917.0,23879.0,True,17308.0,2.747,Charles Maughan,3,31.0,934.0,14.0,0.0,920.0,0.0,0.0,0.0,0.0,7886.0,9893.0,38.122,50.086,1
Eastpointe_11052019_CityCouncil,0.6045340050377834,,,,,,,,,,4,4,0,21.0,831.0,2878.0,4184.0,5145.0,True,2517.0,2.903,Sarah A. Lucido,4,21.0,346.0,6.0,0.0,340.0,0.0,0.0,0.0,0.0,1854.0,2691.0,37.036,57.747,1
ElkRidge_11022021_Mayor,0.47048300536672627,,,,,,,,,,3,3,0,0,180.0,967.0,1129.0,1311.0,True,967.0,2.601,ROBERT HADDOCK,2,0.0,36.0,0.0,0.0,36.0,0.0,0.0,0.0,0.0,559.0,728.0,42.704,57.188,1
Hawaii_05232020_PresidentoftheUnitedStateCD1,0,,,,,,,,,,11,3,1,77.0,5845.0,6104.0,8738.0,14650.0,True,6104.0,2.013,Joseph R. Biden,1,77.0,0.0,0.0,0.0,0.0,0.0,0.0,0.0,0.0,8580.0,8580.0,59.002,59.002,1
Hawaii_05232020_PresidentoftheUnitedStateCD1CD2,0,,,,,,,,,,11,3,1,199.0,13740.0,14817.0,21236.0,35148.0,True,14817.0,2.025,Joseph R. Biden,1,199.0,0.0,0.0,0.0,0.0,0.0,0.0,0.0,0.0,19577.0,19577.0,56.144,56.144,1
Hawaii_05232020_PresidentoftheUnitedStateCD2,0,,,,,,,,,,11,3,1,122.0,7895.0,8713.0,12498.0,20498.0,True,8713.0,2.035,Joseph R. Biden,1,122.0,0.0,0.0,0.0,0.0,0.0,0.0,0.0,0.0,10997.0,10997.0,54.1,54.1,1
Kansas_05022020_PRESIDENTOFTHEUNITEDSTATES,0,,,,,,,,,,5,5,0,255.0,39272.0,82628.0,107707.0,147446.0,True,25607.0,2.796,Joseph R. Biden,1,255.0,0.0,0.0,0.0,0.0,0.0,0.0,0.0,0.0,102829.0,102829.0,70.012,70.012,1
LasCruces_11052019_COUNCILORPOSITION2CITYOFLASCRUCESDISTRICT2COUNCILOR,0.39421157684630737,,,,,,,,,,4,4,0,5.0,790.0,1048.0,1460.0,2394.0,True,874.0,2.5,TESSA ABEYTA STUVE,3,5.0,160.0,3.0,0.0,157.0,0.0,0.0,0.0,0.0,970.0,1151.0,43.149,55.125,1
LasCruces_11052019_COUNCILORPOSITION4CITYOFLASCRUCESDISTRICT4COUNCILOR,0.44036697247706424,,,,,,,,,,3,3,0,5.0,459.0,887.0,1101.0,1689.0,True,887.0,2.271,JOHANA BENCOMO,2,5.0,88.0,0.0,0.0,88.0,0.0,0.0,0.0,0.0,763.0,922.0,49.004,62.764,1
LasCruces_11052019_MAYORCITYOFLASCRUCES,0.4209712341478503,,,,,,,,,,10,10,0,122.0,2780.0,9241.0,11278.0,14156.0,True,3947.0,4.897,KEN MIYAGISHIMA,9,122.0,1614.0,70.0,0.0,1544.0,0.0,0.0,0.0,0.0,5172.0,6814.0,36.982,55.08,1
Maine_06122018_DemocraticPrimaryforCD2,0.20719608649933707,,,,,,,,,,4,5,0,132.0,12049.0,24167.0,33308.0,50845.0,True,15534.0,2.605,"Golden, Jared F.",3,132.0,1747.0,30.0,0.0,1717.0,0.0,0.0,0.0,0.0,21017.0,23645.0,46.39,54.284,1
Maine_06122018_DemocraticPrimaryforGovernor,0.5996080078398432,,,,,,,,,,7,8,0,468.0,15881.0,96592.0,110621.0,132250.0,True,40957.0,4.309,"Mills, Janet T.",7,468.0,8830.0,179.0,0.0,8651.0,0.0,0.0,0.0,0.0,41765.0,63491.0,33.082,54.073,1
Maine_07142020_DemocraticCandidateforMaineStateHouseDistrict41,0.2967741935483871,,,,,,,,,,3,3,0,4.0,390.0,1818.0,2134.0,2638.0,True,1818.0,2.566,"Zager, Samuel Lewis",2,4.0,55.0,0.0,0.0,55.0,0.0,0.0,0.0,0.0,1240.0,1398.0,49.206,56.714,1
Maine_07142020_DemocraticCandidateforMaineStateHouseDistrict47,0.6363636363636364,,,,,,,,,,3,3,0,5.0,423.0,1833.0,2073.0,2624.0,True,1833.0,2.562,"Bell, Arthur L.",2,5.0,80.0,2.0,0.0,78.0,0.0,0.0,0.0,0.0,979.0,1275.0,39.254,52.817,1
Maine_07142020_DemocraticCandidateforMaineStateHouseDistrict49,0.6829810901001112,,,,,,,,,,3,3,0,3.0,411.0,1493.0,1761.0,2358.0,True,1493.0,2.497,"Arford, Poppy",2,3.0,95.0,1.0,0.0,94.0,0.0,0.0,0.0,0.0,899.0,1189.0,41.429,57.301,1
Maine_07142020_DemocraticCandidateforMaineStateHouseDistrict90,0.27002967359050445,,,,,,,,,,3,3,0,5.0,358.0,1441.0,1671.0,2083.0,True,1441.0,2.533,"Crafts, Lydia V.",2,5.0,43.0,3.0,0.0,40.0,0.0,0.0,0.0,0.0,1011.0,1144.0,49.926,57.719,1
Maine_07142020_DemocraticCandidateforMaineStateSenateDistrict11,0.574106364428945,,,,,,,,,,3,3,0,13.0,950.0,3824.0,4342.0,5723.0,True,3824.0,2.541,"Curry, Glenn Chip",2,13.0,261.0,7.0,0.0,254.0,0.0,0.0,0.0,0.0,2294.0,2807.0,43.422,55.894,1
Maine_07142020_RepublicanCandidateforUSHouseofRepresentativesDistrict2,0.5058377239199157,,,,,,,,,,3,3,0,315.0,18844.0,28287.0,33958.0,58506.0,True,28287.0,2.171,"Crafts, Dale John",2,315.0,4272.0,57.0,0.0,4215.0,0.0,0.0,0.0,0.0,23725.0,28079.0,45.042,58.013,1
Maine_11062018_CongressionalDistrict2,0.14412386910924066,,,,,,,,,,4,5,0,462.0,147923.0,112155.0,142226.0,296077.0,True,76910.0,2.14,"DEM Golden, Jared F.",3,462.0,8233.0,156.0,0.0,8077.0,0.0,0.0,0.0,0.0,132091.0,142558.0,45.564,50.612,2
Maine_11082022_CongressionalDistrict2,0.14200515480734724,,,,,,,,,,3,4,0,1057.0,157159.0,83583.0,160112.0,322778.0,True,80711.0,1.798,"Golden, Jared Forrest",3,1057.0,5110.0,173.0,0.0,4937.0,0.0,0.0,0.0,0.0,153209.0,165296.0,48.365,53.036,1
Minneapolis_08112020_Ward6CityCouncilSpecialElection,0.5572815533980583,,,,,,,,,,12,3,1,25.0,4041.0,3065.0,3705.0,8046.0,True,3065.0,1.871,Jamal Osman,12,25.0,2659.0,23.0,0.0,1095.0,0.0,1541.0,936.0,605.0,2130.0,2791.0,27.544,55.006,1
Minneapolis_11022021_CityCouncilWard1,0.12126600284495022,,,,,,,,,,4,3,0,4.0,5297.0,3595.0,6141.0,12142.0,True,3595.0,1.851,Elliott Payne,4,4.0,501.0,0.0,0.0,501.0,0.0,0.0,0.0,0.0,5510.0,5744.0,48.185,52.533,1
Minneapolis_11022021_CityCouncilWard10,0.5945686133141072,,,,,,,,,,6,3,1,9.0,2117.0,5644.0,8542.0,11345.0,True,5644.0,2.331,Aisha Chughtai,6,9.0,1715.0,3.0,0.0,1258.0,0.0,454.0,345.0,109.0,3932.0,5358.0,36.917,59.96,1
Minneapolis_11022021_CityCouncilWard11,0,,,,,,,,,,5,3,1,4.0,6268.0,3876.0,7109.0,13877.0,True,3876.0,1.821,Emily Koski,1,4.0,0.0,0.0,0.0,0.0,0.0,0.0,0.0,0.0,7801.0,7801.0,58.33,58.33,1
Minneapolis_11022021_CityCouncilWard12,0,,,,,,,,,,3,3,0,8.0,8765.0,2732.0,6594.0,16083.0,True,2732.0,1.607,Andrew Johnson,1,8.0,0.0,0.0,0.0,0.0,0.0,0.0,0.0,0.0,9948.0,9948.0,64.795,64.795,1
Minneapolis_11022021_CityCouncilWard13,0,,,,,,,,,,5,3,1,6.0,7584.0,4186.0,8881.0,17028.0,True,4186.0,1.794,Linea Palmisano,1,6.0,0.0,0.0,0.0,0.0,0.0,0.0,0.0,0.0,10896.0,10896.0,66.197,66.197,1
Minneapolis_11022021_CityCouncilWard2,0.97288842544317,,,,,,,,,,5,3,1,12.0,2211.0,4316.0,7316.0,9799.0,False,4316.0,2.22,Robin Wonsley Worlobah,5,12.0,1433.0,4.0,0.0,1181.0,0.0,248.0,150.0,98.0,2761.0,4054.0,29.005,50.136,1
Minneapolis_11022021_CityCouncilWard4,0,,,,,,,,,,3,3,0,3.0,3413.0,2017.0,3848.0,7500.0,True,2017.0,1.807,LaTrisha Vetaw,1,3.0,0.0,0.0,0.0,0.0,0.0,0.0,0.0,0.0,4399.0,4399.0,60.601,60.601,1
Minneapolis_11022021_CityCouncilWard5,0.8057204533189423,,,,,,,,,,7,3,1,8.0,1956.0,2406.0,3529.0,5616.0,True,2406.0,2.081,Jeremiah Ellison,7,8.0,1344.0,8.0,0.0,956.0,0.0,380.0,164.0,216.0,1750.0,2114.0,31.934,51.112,1
Minneapolis_11022021_CityCouncilWard6,0,,,,,,,,,,2,3,0,5.0,4619.0,82.0,1692.0,6871.0,True,1652.0,1.281,Jamal Osman,1,5.0,0.0,0.0,0.0,0.0,0.0,0.0,0.0,0.0,3749.0,3749.0,59.432,59.432,1
Minneapolis_11022021_CityCouncilWard7,0,,,,,,,,,,4,3,0,1.0,6067.0,3296.0,5588.0,12329.0,True,3296.0,1.762,Lisa Goodman,1,1.0,0.0,0.0,0.0,0.0,0.0,0.0,0.0,0.0,7214.0,7214.0,61.901,61.901,1
Minneapolis_11022021_CityCouncilWard8,0,,,,,,,,,,2,3,0,0,9582.0,105.0,1066.0,11326.0,True,723.0,1.11,Andrea Jenkins,1,0.0,0.0,0.0,0.0,0.0,0.0,0.0,0.0,0.0,9044.0,9044.0,84.936,84.936,1
Minneapolis_11022021_CityCouncilWard9,0,,,,,,,,,,8,3,1,1.0,2909.0,2463.0,3784.0,6983.0,True,2463.0,1.933,Jason Chavez,1,1.0,0.0,0.0,0.0,0.0,0.0,0.0,0.0,0.0,3799.0,3799.0,56.769,56.769,1
Minneapolis_11022021_Mayor,0.11751523843671567,,,,,,,,,,18,3,1,154.0,38820.0,66858.0,105154.0,145337.0,True,66858.0,2.194,Jacob Frey,17,154.0,13409.0,50.0,0.0,7043.0,0.0,6316.0,4946.0,1370.0,61606.0,68856.0,42.819,52.777,1
Minneapolis_11022021_ParkBoardAtLarge,0.47846446398859044,,,,,,,,,,7,3,1,208.0,30740.0,59589.0,75910.0,145337.0,True,59589.0,2.268,Meg Forney,7,208.0,27651.0,31.0,0.0,18340.0,0.0,9280.0,7905.0,1375.0,31591.0,47790.0,29.642,60.552,1
Minneapolis_11022021_ParkBoardDistrict1,0,,,,,,,,,,1,3,0,3.0,14462.0,0,267.0,24351.0,True,14488.0,1.018,Billy Menz,1,3.0,0.0,0.0,0.0,0.0,0.0,0.0,0.0,0.0,14445.0,14445.0,98.078,98.078,1
Minneapolis_11022021_ParkBoardDistrict2,0.6793756967670012,,,,,,,,,,3,3,0,3.0,4839.0,4289.0,5972.0,15345.0,True,4289.0,1.949,Becka Thompson,3,3.0,1394.0,1.0,0.0,1393.0,0.0,0.0,0.0,0.0,4479.0,5279.0,41.442,56.076,1
Minneapolis_11022021_ParkBoardDistrict3,0,,,,,,,,,,3,3,0,9.0,9750.0,3282.0,5504.0,19233.0,True,3282.0,1.576,Becky Alper,1,9.0,0.0,0.0,0.0,0.0,0.0,0.0,0.0,0.0,9073.0,9073.0,59.503,59.503,1
Minneapolis_11022021_ParkBoardDistrict4,0,,,,,,,,,,2,3,0,6.0,13111.0,388.0,6235.0,25623.0,True,6033.0,1.342,Elizabeth Shaffer,1,6.0,0.0,0.0,0.0,0.0,0.0,0.0,0.0,0.0,11900.0,11900.0,61.521,61.521,1
Minneapolis_11022021_ParkBoardDistrict5,0,,,,,,,,,,3,3,0,5.0,11967.0,5363.0,10023.0,30308.0,True,5363.0,1.7,Steffanie Musich,1,5.0,0.0,0.0,0.0,0.0,0.0,0.0,0.0,0.0,13330.0,13330.0,60.627,60.627,1
Minneapolis_11022021_ParkBoardDistrict6,0.8907076923076923,,,,,,,,,,4,3,0,11.0,9355.0,9899.0,15167.0,30477.0,True,9899.0,2.022,Cathy Abene,4,11.0,4678.0,4.0,0.0,4674.0,0.0,0.0,0.0,0.0,6444.0,11618.0,26.286,58.567,2
Minneapolis_11052013_Mayor,0.34043552268591887,,,,,,,,,,35,3,1,104.0,11044.0,58944.0,68371.0,80101.0,True,58944.0,2.602,BETSY HODGES,35,104.0,15539.0,37.0,0.0,5414.0,0.0,10088.0,9079.0,1009.0,28956.0,38857.0,36.488,60.886,1
Minneapolis_11052013_PRBoardDistrict2,0,,,,,,,,,,2,3,0,0,3298.0,196.0,2756.0,8458.0,True,2702.0,1.488,JON OLSON,1,0.0,0.0,0.0,0.0,0.0,0.0,0.0,0.0,0.0,4070.0,4070.0,67.228,67.228,1
Minneapolis_11052013_PRBoardDistrict6,0,,,,,,,,,,2,3,0,2.0,7342.0,285.0,6397.0,18523.0,True,6305.0,1.486,BRAD BOURN,1,2.0,0.0,0.0,0.0,0.0,0.0,0.0,0.0,0.0,8903.0,8903.0,64.801,64.801,1
Minneapolis_11052013_Ward13CityCouncil,0.22792832167832167,,,,,,,,,,5,3,1,2.0,1832.0,6464.0,8627.0,10742.0,True,6464.0,2.443,LINEA PALMISANO,5,2.0,696.0,5.0,0.0,582.0,0.0,109.0,72.0,37.0,4452.0,5059.0,42.57,51.823,1
Minneapolis_11052013_Ward5CityCouncil,0.5129198966408268,,,,,,,,,,4,3,0,2.0,1070.0,1914.0,2429.0,3622.0,True,1914.0,2.241,BLONG YANG,4,2.0,262.0,0.0,0.0,262.0,0.0,0.0,0.0,0.0,1475.0,1841.0,42.179,56.909,1
Minneapolis_11052013_Ward9CityCouncil,0.21332616872649113,,,,,,,,,,6,3,1,1.0,920.0,2343.0,3259.0,4310.0,True,2343.0,2.34,ALONDRA CANO,6,1.0,434.0,0.0,0.0,281.0,0.0,153.0,86.0,67.0,1698.0,1987.0,40.632,53.057,1
Minneapolis_11062009_Mayor,0,,,,,,,,,,11,3,1,0,24236.0,14152.0,20921.0,45968.0,True,14152.0,1.777,R.T. Rybak,1,0.0,0.0,0.0,0.0,0.0,0.0,0.0,0.0,0.0,33234.0,33234.0,73.597,73.597,1
Minneapolis_11062009_PRBoardDistrict1,0,,,,,,,,,,3,3,0,0,3852.0,1356.0,1990.0,6907.0,True,1356.0,1.573,Liz Wielinski,1,0.0,0.0,0.0,0.0,0.0,0.0,0.0,0.0,0.0,4335.0,4335.0,74.204,74.204,1
Minneapolis_11062009_PRBoardDistrict2,0,,,,,,,,,,2,3,0,0,3298.0,94.0,1802.0,5944.0,True,1767.0,1.372,Jon Olson,1,0.0,0.0,0.0,0.0,0.0,0.0,0.0,0.0,0.0,2874.0,2874.0,56.353,56.353,1
Minneapolis_11062009_PRBoardDistrict3,0,,,,,,,,,,2,3,0,0,3456.0,69.0,1280.0,6160.0,True,1215.0,1.285,Scott Vreeland,1,0.0,0.0,0.0,0.0,0.0,0.0,0.0,0.0,0.0,3430.0,3430.0,72.424,72.424,1
Minneapolis_11062009_PRBoardDistrict4,0,,,,,,,,,,1,3,0,0,5067.0,0,76.0,7389.0,True,5031.0,1.015,Anita Tabb,1,0.0,0.0,0.0,0.0,0.0,0.0,0.0,0.0,0.0,5012.0,5012.0,97.453,97.453,1
Minneapolis_11062009_PRBoardDistrict5,0.5261109309114499,,,,,,,,,,5,3,1,0,3465.0,2513.0,4383.0,9382.0,True,2513.0,1.879,Carol Kummer,5,0.0,957.0,0.0,0.0,893.0,0.0,64.0,53.0,11.0,2964.0,3620.0,37.768,52.532,1
Minneapolis_11062009_PRBoardDistrict6,0.24944703858441877,,,,,,,,,,4,3,0,0,4223.0,2124.0,4131.0,10186.0,True,2124.0,1.749,Brad Bourn,4,0.0,548.0,0.0,0.0,548.0,0.0,0.0,0.0,0.0,4023.0,4300.0,48.157,55.086,1
Minneapolis_11062009_Ward10CityCouncil,0,,,,,,,,,,4,3,0,0,1482.0,975.0,1847.0,3431.0,True,975.0,1.848,Meg Tuthill,1,0.0,0.0,0.0,0.0,0.0,0.0,0.0,0.0,0.0,2405.0,2405.0,72.244,72.244,1
Minneapolis_11062009_Ward11CityCouncil,0,,,,,,,,,,3,3,0,0,1867.0,510.0,2143.0,4235.0,True,510.0,1.662,John Quincy,1,0.0,0.0,0.0,0.0,0.0,0.0,0.0,0.0,0.0,2551.0,2551.0,63.616,63.616,1
Minneapolis_11062009_Ward12CityCouncil,0,,,,,,,,,,4,3,0,0,2361.0,1224.0,2357.0,4818.0,True,1224.0,1.759,Sandy Colvin Roy,1,0.0,0.0,0.0,0.0,0.0,0.0,0.0,0.0,0.0,3035.0,3035.0,64.328,64.328,1
Minneapolis_11062009_Ward13CityCouncil,0,,,,,,,,,,3,3,0,0,3427.0,1001.0,2554.0,6059.0,True,1001.0,1.594,Betsy Hodges,1,0.0,0.0,0.0,0.0,0.0,0.0,0.0,0.0,0.0,4141.0,4141.0,69.236,69.236,1
Minneapolis_11062009_Ward1CityCouncil,0,,,,,,,,,,5,3,1,0,1469.0,1455.0,2500.0,4016.0,True,1455.0,1.996,Kevin Reich,1,0.0,0.0,0.0,0.0,0.0,0.0,0.0,0.0,0.0,1997.0,1997.0,50.315,50.315,1
Minneapolis_11062009_Ward2CityCouncil,0,,,,,,,,,,2,3,0,0,2214.0,26.0,475.0,2842.0,True,437.0,1.186,Cam Gordon,1,0.0,0.0,0.0,0.0,0.0,0.0,0.0,0.0,0.0,2260.0,2260.0,84.046,84.046,1
Minneapolis_11062009_Ward3CityCouncil,0,,,,,,,,,,4,3,0,0,1062.0,641.0,1160.0,2257.0,True,641.0,1.811,Diane Hofstede,1,0.0,0.0,0.0,0.0,0.0,0.0,0.0,0.0,0.0,1465.0,1465.0,65.932,65.932,1
Minneapolis_11062009_Ward4CityCouncil,0.24951519069166128,,,,,,,,,,4,3,0,0,1416.0,1250.0,1883.0,3322.0,True,1250.0,1.95,Barbara A. Johnson,3,0.0,193.0,0.0,0.0,193.0,0.0,0.0,0.0,0.0,1546.0,1618.0,46.863,52.093,1
Minneapolis_11062009_Ward5CityCouncil,0.34097421203438394,,,,,,,,,,5,3,1,0,828.0,981.0,1342.0,2200.0,True,981.0,2.071,Don Samuels,5,0.0,146.0,0.0,0.0,129.0,0.0,17.0,14.0,3.0,1020.0,1131.0,47.005,55.879,1
Minneapolis_11062009_Ward6CityCouncil,0,,,,,,,,,,6,3,1,0,671.0,930.0,1259.0,1982.0,True,930.0,2.134,Robert Lilligren,1,0.0,0.0,0.0,0.0,0.0,0.0,0.0,0.0,0.0,1020.0,1020.0,52.85,52.85,1
Minneapolis_11062009_Ward7CityCouncil,0,,,,,,,,,,3,3,0,0,2873.0,753.0,1519.0,4532.0,True,753.0,1.517,Lisa Goodman,1,0.0,0.0,0.0,0.0,0.0,0.0,0.0,0.0,0.0,2997.0,2997.0,68.238,68.238,1
Minneapolis_11062009_Ward8CityCouncil,0,,,,,,,,,,5,3,1,0,1262.0,938.0,1834.0,3239.0,True,938.0,1.895,Elizabeth Glidden,1,0.0,0.0,0.0,0.0,0.0,0.0,0.0,0.0,0.0,2291.0,2291.0,73.999,73.999,1
Minneapolis_11062009_Ward9CityCouncil,0,,,,,,,,,,4,3,0,0,1082.0,958.0,1913.0,3035.0,True,958.0,1.959,Gary Schiff,1,0.0,0.0,0.0,0.0,0.0,0.0,0.0,0.0,0.0,1818.0,1818.0,60.701,60.701,1
Minneapolis_11072017_Mayor,0.6826026178675817,,,,,,,,,,18,3,1,101.0,13958.0,75459.0,90564.0,105928.0,True,75459.0,2.587,Jacob Frey,17,101.0,22810.0,82.0,0.0,10913.0,0.0,11815.0,10097.0,1718.0,26099.0,46692.0,24.985,57.187,1
Minneapolis_11072017_PRBoardDistrict1,0.43930817610062894,,,,,,,,,,3,3,0,6.0,5372.0,6020.0,8931.0,17785.0,True,6020.0,2.045,Chris Meyer,3,6.0,1261.0,0.0,0.0,1261.0,0.0,0.0,0.0,0.0,6357.0,7209.0,44.455,55.288,1
Minneapolis_11072017_PRBoardDistrict2,0,,,,,,,,,,2,3,0,5.0,4281.0,358.0,4653.0,11162.0,True,4558.0,1.561,Kale Severson,1,5.0,0.0,0.0,0.0,0.0,0.0,0.0,0.0,0.0,5088.0,5088.0,56.976,56.976,1
Minneapolis_11072017_PRBoardDistrict3,0.2922187764307866,,,,,,,,,,3,3,0,20.0,7455.0,4349.0,7175.0,16601.0,True,4349.0,1.786,AK Hassan,3,20.0,1036.0,2.0,0.0,1034.0,0.0,0.0,0.0,0.0,7091.0,7750.0,48.485,57.031,1
Minneapolis_11072017_PRBoardDistrict4,0,,,,,,,,,,2,3,0,4.0,7347.0,411.0,6166.0,18167.0,True,6034.0,1.486,Jono Cowgill,1,4.0,0.0,0.0,0.0,0.0,0.0,0.0,0.0,0.0,6794.0,6794.0,50.285,50.285,1
Minneapolis_11072017_PRBoardDistrict5,0,,,,,,,,,,3,3,0,5.0,6489.0,6290.0,9749.0,20615.0,True,6290.0,1.988,Steffanie Musich,1,5.0,0.0,0.0,0.0,0.0,0.0,0.0,0.0,0.0,9466.0,9466.0,58.306,58.306,1
Minneapolis_11072017_PRBoardDistrict6,0.2945698596705308,,,,,,,,,,4,3,0,3.0,8415.0,5617.0,10073.0,21598.0,True,5617.0,1.849,Brad Bourn,4,3.0,1230.0,1.0,0.0,1229.0,0.0,0.0,0.0,0.0,8083.0,8784.0,43.727,50.907,1
Minneapolis_11072017_Ward10CityCouncil,0,,,,,,,,,,4,3,0,0,2400.0,4001.0,5196.0,7911.0,True,4001.0,2.211,Lisa Bender,1,0.0,0.0,0.0,0.0,0.0,0.0,0.0,0.0,0.0,4886.0,4886.0,64.323,64.323,1
Minneapolis_11072017_Ward11CityCouncil,0.8344678217821783,,,,,,,,,,3,3,0,0,2070.0,4789.0,7090.0,9592.0,True,4789.0,2.297,Jeremy Schroeder,3,0.0,423.0,2.0,0.0,421.0,0.0,0.0,0.0,0.0,3230.0,4756.0,35.262,54.435,1
Minneapolis_11072017_Ward12CityCouncil,0,,,,,,,,,,3,3,0,0,6239.0,2757.0,3945.0,10704.0,True,2757.0,1.658,Andrew Johnson,1,0.0,0.0,0.0,0.0,0.0,0.0,0.0,0.0,0.0,8875.0,8875.0,87.147,87.147,1
Minneapolis_11072017_Ward13CityCouncil,0,,,,,,,,,,2,3,0,2.0,8351.0,241.0,2964.0,11742.0,True,2739.0,1.283,Linea Palmisano,1,2.0,0.0,0.0,0.0,0.0,0.0,0.0,0.0,0.0,9410.0,9410.0,83.179,83.179,1
Minneapolis_11072017_Ward1CityCouncil,0.21273948743468524,,,,,,,,,,3,3,0,0,2425.0,3503.0,6309.0,8864.0,True,3503.0,2.123,Kevin Reich,3,0.0,326.0,0.0,0.0,326.0,0.0,0.0,0.0,0.0,4015.0,4296.0,45.97,51.094,1
Minneapolis_11072017_Ward2CityCouncil,0,,,,,,,,,,1,3,0,1.0,5934.0,0,156.0,7034.0,True,5951.0,1.025,Cam Gordon,1,1.0,0.0,0.0,0.0,0.0,0.0,0.0,0.0,0.0,5923.0,5923.0,97.258,97.258,1
Minneapolis_11072017_Ward4CityCouncil,0.31118240146654447,,,,,,,,,,4,3,0,3.0,1582.0,2545.0,3681.0,5349.0,True,2545.0,2.182,Phillipe M. Cunningham,4,3.0,228.0,0.0,0.0,228.0,0.0,0.0,0.0,0.0,2139.0,2604.0,40.65,51.728,2
Minneapolis_11072017_Ward5CityCouncil,0.2339382050024522,,,,,,,,,,4,3,0,3.0,1166.0,2268.0,3050.0,4278.0,True,2268.0,2.261,Jeremiah Ellison,4,3.0,134.0,0.0,0.0,134.0,0.0,0.0,0.0,0.0,1986.0,2311.0,47.129,56.642,1
Minneapolis_11072017_Ward6CityCouncil,0,,,,,,,,,,4,3,0,6.0,4947.0,894.0,2287.0,7397.0,True,894.0,1.439,Abdi Warsame,1,6.0,0.0,0.0,0.0,0.0,0.0,0.0,0.0,0.0,3628.0,3628.0,50.166,50.166,1
Minneapolis_11072017_Ward7CityCouncil,0,,,,,,,,,,4,3,0,3.0,2826.0,4067.0,6264.0,9255.0,True,4067.0,2.137,Lisa Goodman,1,3.0,0.0,0.0,0.0,0.0,0.0,0.0,0.0,0.0,4750.0,4750.0,52.272,52.272,1
Minneapolis_11072017_Ward8CityCouncil,0,,,,,,,,,,4,3,0,1.0,2212.0,3418.0,5686.0,8275.0,True,3418.0,2.153,Andrea Jenkins,1,1.0,0.0,0.0,0.0,0.0,0.0,0.0,0.0,0.0,5766.0,5766.0,73.015,73.015,1
Minneapolis_11072017_Ward9CityCouncil,0.4211915535444947,,,,,,,,,,4,3,0,3.0,1568.0,2680.0,3951.0,5650.0,True,2680.0,2.201,Alondra Cano,4,3.0,604.0,1.0,0.0,603.0,0.0,0.0,0.0,0.0,2622.0,2980.0,47.534,60.668,1
Minnetonka_11022021_CityCouncilAtLargeSeatA,0,,,,,,,,,,5,3,1,20.0,3202.0,4412.0,7585.0,11350.0,True,4412.0,2.11,Deb Calvert,1,20.0,0.0,0.0,0.0,0.0,0.0,0.0,0.0,0.0,5884.0,5884.0,54.583,54.583,1
Minnetonka_11022021_CityCouncilAtLargeSeatB,0.3320018796992481,,,,,,,,,,5,3,1,17.0,2972.0,4213.0,7192.0,11350.0,True,4213.0,2.12,Kimberly Wilburn,3,17.0,847.0,1.0,0.0,656.0,0.0,190.0,0.0,190.0,4139.0,4914.0,40.746,52.776,1
Minnetonka_11022021_Mayor,0,,,,,,,,,,2,3,0,5.0,8395.0,0,2619.0,11350.0,True,2619.0,1.238,Brad Wiersum,1,5.0,0.0,0.0,0.0,0.0,0.0,0.0,0.0,0.0,6905.0,6905.0,62.716,62.716,1
NewYorkCity_06222021_CONCouncilMember19thCouncilDistrict,0,,,,,,,,,,2,3,0,0,73.0,7.0,48.0,200016.0,True,42.0,1.455,John-Alexander Sakelos,1,0.0,0.0,0.0,0.0,0.0,0.0,0.0,0.0,0.0,107.0,107.0,88.43,88.43,1
NewYorkCity_06222021_DEMBoroughPresidentBronx,0.3835543024908544,,,,,,,,,,5,5,0,757.0,34820.0,49508.0,67017.0,127235.0,True,32435.0,2.836,Vanessa L. Gibson,5,757.0,9105.0,137.0,0.0,8968.0,0.0,0.0,0.0,0.0,40097.0,49401.0,39.519,53.489,1
NewYorkCity_06222021_DEMBoroughPresidentKings,0.7276035834266518,,,,,,,,,,12,5,1,1015.0,95126.0,138180.0,194825.0,336070.0,True,79843.0,2.754,Antonio Reynoso,12,1015.0,92720.0,638.0,0.0,75383.0,0.0,16699.0,13806.0,2893.0,80867.0,107963.0,27.936,54.871,1
NewYorkCity_06222021_DEMBoroughPresidentNewYork,0.4881993006993007,,,,,,,,,,7,5,1,435.0,75364.0,114737.0,162604.0,267513.0,True,57054.0,2.719,Mark D. Levine,7,435.0,50352.0,271.0,0.0,46732.0,0.0,3349.0,2500.0,849.0,67375.0,100718.0,28.341,53.751,1
NewYorkCity_06222021_DEMBoroughPresidentQueens,0.42620914139469007,,,,,,,,,,3,4,0,476.0,80135.0,77349.0,115699.0,266164.0,True,76387.0,2.002,Donovan J. Richards Jr.,3,476.0,12216.0,66.0,0.0,12150.0,0.0,0.0,0.0,0.0,80320.0,92222.0,41.065,50.291,1
NewYorkCity_06222021_DEMBoroughPresidentRichmond,0.15797003237708004,,,,,,,,,,5,5,0,75.0,9984.0,13317.0,18491.0,43503.0,True,8375.0,2.763,Mark S. Murphy,3,75.0,776.0,5.0,0.0,771.0,0.0,0.0,0.0,0.0,13221.0,13835.0,46.5,50.025,1
NewYorkCity_06222021_DEMComptrollerCitywide,0.5262517086816925,,,,,,,,,,10,5,1,3193.0,283433.0,427799.0,586261.0,1040485.0,True,241251.0,2.786,Brad Lander,10,3193.0,211494.0,1471.0,0.0,182701.0,0.0,27322.0,21655.0,5667.0,268064.0,340944.0,30.88,51.926,1
NewYorkCity_06222021_DEMCouncilMember10thCouncilDistrict,0.46406594682456753,,,,,,,,,,8,5,1,125.0,6360.0,9762.0,13270.0,267513.0,True,5084.0,2.746,Carmen N. De La Rosa,8,125.0,2316.0,24.0,0.0,2096.0,0.0,196.0,134.0,62.0,7910.0,10318.0,40.392,59.756,1
NewYorkCity_06222021_DEMCouncilMember11thCouncilDistrict,0.153054744061984,,,,,,,,,,7,5,1,91.0,4486.0,9339.0,12572.0,127235.0,True,4946.0,2.948,Eric Dinowitz,6,91.0,701.0,12.0,0.0,666.0,0.0,23.0,0.0,23.0,7509.0,8316.0,44.15,50.997,1
NewYorkCity_06222021_DEMCouncilMember12thCouncilDistrict,0.4248897144183887,,,,,,,,,,3,4,0,68.0,6096.0,8966.0,11337.0,127235.0,True,8800.0,2.179,Kevin Riley,3,68.0,1161.0,13.0,0.0,1148.0,0.0,0.0,0.0,0.0,8588.0,9595.0,49.359,59.09,1
NewYorkCity_06222021_DEMCouncilMember13thCouncilDistrict,0,,,,,,,,,,5,5,0,44.0,4209.0,4351.0,5776.0,127235.0,True,3175.0,2.694,Marjorie Velazquez,1,44.0,0.0,0.0,0.0,0.0,0.0,0.0,0.0,0.0,5608.0,5608.0,56.305,56.305,1
NewYorkCity_06222021_DEMCouncilMember14thCouncilDistrict,0.5228514654744163,,,,,,,,,,6,5,0,163.0,3068.0,5052.0,6399.0,127235.0,True,3421.0,2.972,Pierina Ana Sanchez,6,163.0,1541.0,28.0,0.0,1513.0,0.0,0.0,0.0,0.0,3569.0,4887.0,38.029,62.302,1
NewYorkCity_06222021_DEMCouncilMember15thCouncilDistrict,0.3506455399061033,,,,,,,,,,8,5,1,94.0,2640.0,4451.0,5615.0,127235.0,True,3102.0,3.017,Oswald Feliz,7,94.0,953.0,19.0,0.0,897.0,0.0,37.0,3.0,34.0,3165.0,3791.0,38.579,52.282,1
NewYorkCity_06222021_DEMCouncilMember16thCouncilDistrict,0,,,,,,,,,,4,5,0,82.0,3975.0,4623.0,6178.0,127235.0,True,3693.0,2.454,Althea V. Stevens,1,82.0,0.0,0.0,0.0,0.0,0.0,0.0,0.0,0.0,5125.0,5125.0,50.682,50.682,1
NewYorkCity_06222021_DEMCouncilMember17thCouncilDistrict,0,,,,,,,,,,2,3,0,43.0,4524.0,285.0,4537.0,127235.0,True,4491.0,1.527,Rafael Salamanca Jr.,1,43.0,0.0,0.0,0.0,0.0,0.0,0.0,0.0,0.0,5428.0,5428.0,59.985,59.985,1
NewYorkCity_06222021_DEMCouncilMember18thCouncilDistrict,0.4689695550351288,,,,,,,,,,8,5,1,145.0,3838.0,8024.0,10230.0,127235.0,True,5407.0,3.114,Amanda Farias,8,145.0,2513.0,38.0,0.0,2253.0,0.0,222.0,102.0,120.0,3852.0,6004.0,27.546,52.341,1
NewYorkCity_06222021_DEMCouncilMember19thCouncilDistrict,0.5373925763393673,,,,,,,,,,6,5,0,46.0,4424.0,5647.0,8688.0,266164.0,True,2855.0,2.586,Tony Avella,6,46.0,1340.0,16.0,0.0,1324.0,0.0,0.0,0.0,0.0,4992.0,6429.0,38.148,54.734,1
NewYorkCity_06222021_DEMCouncilMember1stCouncilDistrict,0.2689157145936624,,,,,,,,,,9,5,1,44.0,6272.0,11721.0,15592.0,267513.0,True,5621.0,2.85,Christopher Marte,8,44.0,2315.0,6.0,0.0,2217.0,0.0,92.0,76.0,16.0,8598.0,9801.0,39.379,50.213,1
NewYorkCity_06222021_DEMCouncilMember20thCouncilDistrict,0.5936376210235131,,,,,,,,,,8,5,1,53.0,2964.0,5649.0,7687.0,266164.0,True,3290.0,2.945,Sandra Ung,8,53.0,3025.0,17.0,0.0,2894.0,0.0,114.0,72.0,42.0,2370.0,4205.0,22.283,55.249,1
NewYorkCity_06222021_DEMCouncilMember21stCouncilDistrict,0,,,,,,,,,,5,5,0,41.0,2745.0,2865.0,4116.0,266164.0,True,1834.0,2.601,Francisco P. Moya,1,41.0,0.0,0.0,0.0,0.0,0.0,0.0,0.0,0.0,3533.0,3533.0,51.584,51.584,1
NewYorkCity_06222021_DEMCouncilMember22ndCouncilDistrict,0.10953624269551163,,,,,,,,,,6,5,0,35.0,4204.0,8066.0,12054.0,393399.0,True,4061.0,2.809,Tiffany Caban,4,35.0,361.0,9.0,0.0,352.0,0.0,0.0,0.0,0.0,7934.0,8372.0,48.855,52.724,1
NewYorkCity_06222021_DEMCouncilMember23rdCouncilDistrict,0.49916943521594687,,,,,,,,,,7,5,1,70.0,4987.0,8583.0,11582.0,266164.0,True,4762.0,2.864,Linda Lee,7,70.0,3361.0,24.0,0.0,3207.0,0.0,130.0,37.0,93.0,4943.0,7173.0,29.91,54.485,1
NewYorkCity_06222021_DEMCouncilMember24thCouncilDistrict,0,,,,,,,,,,4,5,0,63.0,6766.0,5243.0,6674.0,266164.0,True,3333.0,2.153,James F. Gennaro,1,63.0,0.0,0.0,0.0,0.0,0.0,0.0,0.0,0.0,8062.0,8062.0,60.128,60.128,1
NewYorkCity_06222021_DEMCouncilMember25thCouncilDistrict,0.6041666666666666,,,,,,,,,,8,5,1,93.0,4796.0,7512.0,10156.0,266164.0,True,4292.0,2.826,Shekar Krishnan,8,93.0,3001.0,20.0,0.0,2514.0,0.0,467.0,366.0,101.0,3915.0,6352.0,26.272,53.374,2
NewYorkCity_06222021_DEMCouncilMember26thCouncilDistrict,0.5237778516794147,,,,,,,,,,15,5,1,124.0,3287.0,12443.0,14659.0,266164.0,True,8593.0,3.542,Julie Won,15,124.0,5860.0,29.0,0.0,4188.0,0.0,1643.0,1503.0,140.0,3306.0,6822.0,18.476,56.694,1
NewYorkCity_06222021_DEMCouncilMember27thCouncilDistrict,0.22465876034907137,,,,,,,,,,12,5,1,125.0,4628.0,13370.0,15811.0,266164.0,True,9561.0,3.425,Nantasha M. Williams,10,125.0,2153.0,31.0,0.0,1987.0,0.0,135.0,61.0,74.0,7345.0,9518.0,36.044,52.225,1
NewYorkCity_06222021_DEMCouncilMember28thCouncilDistrict,0,,,,,,,,,,3,4,0,43.0,6042.0,5404.0,8009.0,266164.0,True,5308.0,1.968,Adrienne E. Adams,1,43.0,0.0,0.0,0.0,0.0,0.0,0.0,0.0,0.0,7490.0,7490.0,53.367,53.367,1
NewYorkCity_06222021_DEMCouncilMember29thCouncilDistrict,0.6970667565745111,,,,,,,,,,9,5,1,63.0,4114.0,9844.0,13044.0,266164.0,True,5336.0,3.047,Lynn C. Schulman,9,63.0,5065.0,23.0,0.0,4438.0,0.0,604.0,518.0,86.0,3942.0,7232.0,23.023,59.982,1
NewYorkCity_06222021_DEMCouncilMember2ndCouncilDistrict,0,,,,,,,,,,2,3,0,24.0,13338.0,264.0,8014.0,267513.0,True,7886.0,1.387,Carlina Rivera,1,24.0,0.0,0.0,0.0,0.0,0.0,0.0,0.0,0.0,15464.0,15464.0,72.458,72.458,1
NewYorkCity_06222021_DEMCouncilMember30thCouncilDistrict,0,,,,,,,,,,2,3,0,5.0,6539.0,146.0,3075.0,266164.0,True,3009.0,1.335,Robert F. Holden,1,5.0,0.0,0.0,0.0,0.0,0.0,0.0,0.0,0.0,5250.0,5250.0,54.619,54.619,1
NewYorkCity_06222021_DEMCouncilMember31stCouncilDistrict,0,,,,,,,,,,3,4,0,36.0,7850.0,6766.0,8208.0,266164.0,True,6632.0,1.947,Selvena N. Brooks-Powers,1,36.0,0.0,0.0,0.0,0.0,0.0,0.0,0.0,0.0,10807.0,10807.0,67.413,67.413,1
NewYorkCity_06222021_DEMCouncilMember32ndCouncilDistrict,0.3127815982926251,,,,,,,,,,6,5,0,54.0,4175.0,4366.0,6122.0,266164.0,True,2667.0,2.585,Felicia Singh,6,54.0,1337.0,12.0,0.0,1325.0,0.0,0.0,0.0,0.0,3661.0,4686.0,35.644,52.451,1
NewYorkCity_06222021_DEMCouncilMember33rdCouncilDistrict,0.04310822031552726,,,,,,,,,,8,5,1,52.0,10882.0,13735.0,18374.0,336070.0,True,6781.0,2.657,Lincoln Restler,3,52.0,240.0,1.0,0.0,233.0,0.0,6.0,0.0,6.0,14444.0,14582.0,49.418,50.304,1
NewYorkCity_06222021_DEMCouncilMember34thCouncilDistrict,0,,,,,,,,,,4,5,0,33.0,8532.0,4989.0,7920.0,602234.0,True,3839.0,2.034,Jennifer Gutierrez,1,33.0,0.0,0.0,0.0,0.0,0.0,0.0,0.0,0.0,13065.0,13065.0,79.48,79.48,1
NewYorkCity_06222021_DEMCouncilMember35thCouncilDistrict,0.3662621194657265,,,,,,,,,,7,5,1,79.0,9437.0,16567.0,25519.0,336070.0,True,8225.0,2.775,Crystal Hudson,7,79.0,4213.0,39.0,0.0,3867.0,0.0,307.0,181.0,126.0,13359.0,16564.0,38.261,53.951,1
NewYorkCity_06222021_DEMCouncilMember36thCouncilDistrict,0.6876803551609323,,,,,,,,,,5,5,0,75.0,7548.0,10095.0,15740.0,336070.0,True,5495.0,2.645,Chi A. Osse,5,75.0,3689.0,23.0,0.0,3666.0,0.0,0.0,0.0,0.0,8520.0,11149.0,36.661,57.025,1
NewYorkCity_06222021_DEMCouncilMember37thCouncilDistrict,0.06332650400447011,,,,,,,,,,6,5,0,41.0,4341.0,4775.0,6554.0,336070.0,True,3041.0,2.645,Sandy Nurse,3,41.0,118.0,4.0,0.0,114.0,0.0,0.0,0.0,0.0,5363.0,5473.0,49.319,50.883,1
NewYorkCity_06222021_DEMCouncilMember38thCouncilDistrict,0.280775878624928,,,,,,,,,,6,5,0,34.0,4410.0,5671.0,7722.0,336070.0,True,2589.0,2.616,Alexa Aviles,5,34.0,985.0,11.0,0.0,974.0,0.0,0.0,0.0,0.0,4806.0,5766.0,39.667,51.801,1
NewYorkCity_06222021_DEMCouncilMember39thCouncilDistrict,0.6528235552625796,,,,,,,,,,7,5,1,60.0,7602.0,20853.0,28524.0,336070.0,True,9087.0,2.997,Shahana K. Hanif,7,60.0,8057.0,15.0,0.0,7792.0,0.0,250.0,168.0,82.0,11599.0,15980.0,32.135,56.994,1
NewYorkCity_06222021_DEMCouncilMember3rdCouncilDistrict,0.1758605790004321,,,,,,,,,,6,5,0,42.0,10367.0,12285.0,18224.0,267513.0,True,6343.0,2.571,Erik D. Bottcher,4,42.0,1187.0,14.0,0.0,1173.0,0.0,0.0,0.0,0.0,13520.0,14173.0,47.342,51.781,1
NewYorkCity_06222021_DEMCouncilMember40thCouncilDistrict,0.7447654386429897,,,,,,,,,,11,5,1,124.0,5765.0,12921.0,16634.0,336070.0,True,7680.0,3.086,Rita C. Joseph,11,124.0,5449.0,32.0,0.0,4561.0,0.0,856.0,686.0,170.0,5648.0,10065.0,25.279,59.577,1
NewYorkCity_06222021_DEMCouncilMember41stCouncilDistrict,0,,,,,,,,,,2,3,0,44.0,7755.0,342.0,7705.0,336070.0,True,7631.0,1.517,Darlene Mealy,1,44.0,0.0,0.0,0.0,0.0,0.0,0.0,0.0,0.0,8849.0,8849.0,57.286,57.286,1
NewYorkCity_06222021_DEMCouncilMember42ndCouncilDistrict,0.22671052631578947,,,,,,,,,,4,5,0,92.0,5938.0,7092.0,9744.0,336070.0,True,5372.0,2.437,Charles Barron,4,92.0,789.0,20.0,0.0,769.0,0.0,0.0,0.0,0.0,7431.0,7979.0,47.525,53.741,1
NewYorkCity_06222021_DEMCouncilMember45thCouncilDistrict,0,,,,,,,,,,3,4,0,82.0,10160.0,6811.0,9162.0,336070.0,True,6689.0,1.838,Farah N. Louis,1,82.0,0.0,0.0,0.0,0.0,0.0,0.0,0.0,0.0,14544.0,14544.0,75.369,75.369,1
NewYorkCity_06222021_DEMCouncilMember46thCouncilDistrict,0.47476054879627233,,,,,,,,,,8,5,1,70.0,6064.0,9328.0,12445.0,336070.0,True,5864.0,2.862,Mercedes Narcisse,8,70.0,4446.0,30.0,0.0,4127.0,0.0,289.0,133.0,156.0,6421.0,8940.0,34.746,63.702,1
NewYorkCity_06222021_DEMCouncilMember47thCouncilDistrict,0.31689008042895445,,,,,,,,,,4,5,0,39.0,3539.0,3053.0,4502.0,336070.0,True,2176.0,2.23,Ari Kagan,4,39.0,817.0,7.0,0.0,810.0,0.0,0.0,0.0,0.0,3493.0,4018.0,43.505,55.713,1
NewYorkCity_06222021_DEMCouncilMember48thCouncilDistrict,0.5291787694745181,,,,,,,,,,5,5,0,50.0,2978.0,4264.0,6260.0,336070.0,True,1743.0,2.61,Steven Saperstein,5,50.0,1252.0,19.0,0.0,1233.0,0.0,0.0,0.0,0.0,3033.0,4542.0,32.932,57.075,1
NewYorkCity_06222021_DEMCouncilMember49thCouncilDistrict,0.44822940723633564,,,,,,,,,,9,5,1,63.0,3465.0,8312.0,10303.0,43503.0,True,5475.0,3.218,Kamillah Hanks,9,63.0,3200.0,26.0,0.0,2741.0,0.0,433.0,308.0,125.0,3463.0,5996.0,25.218,56.931,1
NewYorkCity_06222021_DEMCouncilMember5thCouncilDistrict,0.44184297132110956,,,,,,,,,,7,5,1,47.0,7333.0,13619.0,18134.0,267513.0,True,6814.0,2.873,Julie Menin,7,47.0,3868.0,20.0,0.0,3720.0,0.0,128.0,83.0,45.0,8872.0,12083.0,34.88,56.023,1
NewYorkCity_06222021_DEMCouncilMember6thCouncilDistrict,0,,,,,,,,,,6,5,0,55.0,14111.0,17132.0,25321.0,267513.0,True,7090.0,2.512,Gale A. Brewer,1,55.0,0.0,0.0,0.0,0.0,0.0,0.0,0.0,0.0,21594.0,21594.0,54.808,54.808,1
NewYorkCity_06222021_DEMCouncilMember7thCouncilDistrict,0.41930301532377656,,,,,,,,,,12,5,1,111.0,6068.0,13689.0,17176.0,267513.0,True,8368.0,3.127,Shaun Abreu,11,111.0,4778.0,34.0,0.0,4302.0,0.0,442.0,339.0,103.0,6214.0,9215.0,26.797,50.052,1
NewYorkCity_06222021_DEMCouncilMember8thCouncilDistrict,0,,,,,,,,,,4,5,0,55.0,4854.0,4936.0,6898.0,394748.0,True,4012.0,2.376,Diana I. Ayala,1,55.0,0.0,0.0,0.0,0.0,0.0,0.0,0.0,0.0,6621.0,6621.0,56.484,56.484,1
NewYorkCity_06222021_DEMCouncilMember9thCouncilDistrict,0.7957698118390331,,,,,,,,,,13,5,1,147.0,5967.0,16114.0,19736.0,267513.0,True,10758.0,3.303,Kristin Richardson Jordan,13,147.0,7696.0,63.0,0.0,5540.0,0.0,2093.0,1896.0,197.0,4873.0,9017.0,19.016,50.29,2
NewYorkCity_06222021_DEMMayorCitywide,0.7182376211381701,,,,,,,,,,13,5,1,5901.0,127610.0,705751.0,817417.0,1040485.0,True,434784.0,3.644,Eric L. Adams,13,5901.0,140202.0,1475.0,0.0,105617.0,0.0,33110.0,28787.0,4323.0,289403.0,404513.0,30.721,50.449,1
NewYorkCity_06222021_DEMPublicAdvocateCitywide,0,,,,,,,,,,3,4,0,2157.0,461075.0,265739.0,358779.0,1040485.0,True,261444.0,1.776,Jumaane D. Williams,1,2157.0,0.0,0.0,0.0,0.0,0.0,0.0,0.0,0.0,572762.0,572762.0,69.958,69.958,1
NewYorkCity_06222021_REPBoroughPresidentQueens,0,,,,,,,,,,2,3,0,74.0,6933.0,518.0,7352.0,201299.0,True,7234.0,1.545,219566,1,74.0,0.0,0.0,0.0,0.0,0.0,0.0,0.0,0.0,7972.0,7972.0,55.877,55.877,1
NewYorkCity_06222021_REPBoroughPresidentRichmond,0.29462956601397,,,,,,,,,,4,5,0,83.0,7491.0,7216.0,12194.0,19850.0,True,4999.0,2.254,Vito Fossella,4,83.0,1167.0,11.0,0.0,1156.0,0.0,0.0,0.0,0.0,8583.0,9459.0,43.693,51.193,1
NewYorkCity_06222021_REPCouncilMember15thCouncilDistrict,0.19230769230769232,,,,,,,,,,2,3,0,4.0,85.0,11.0,76.0,127235.0,True,75.0,1.521,Ariel Rivera-Diaz,2,4.0,10.0,0.0,0.0,10.0,0.0,0.0,0.0,0.0,78.0,80.0,49.057,53.691,1
NewYorkCity_06222021_REPCouncilMember19thCouncilDistrict,0,,,,,,,,,,2,3,0,14.0,1788.0,91.0,1633.0,201299.0,True,1614.0,1.498,Vickie Paladino,1,14.0,0.0,0.0,0.0,0.0,0.0,0.0,0.0,0.0,1765.0,1765.0,51.608,51.608,1
NewYorkCity_06222021_REPCouncilMember23rdCouncilDistrict,0,,,,,,,,,,2,3,0,10.0,788.0,59.0,778.0,201299.0,True,771.0,1.527,James F. Reilly,1,10.0,0.0,0.0,0.0,0.0,0.0,0.0,0.0,0.0,1040.0,1040.0,66.496,66.496,1
NewYorkCity_06222021_REPCouncilMember24thCouncilDistrict,0,,,,,,,,,,2,3,0,8.0,405.0,39.0,406.0,201299.0,True,400.0,1.541,Timothy Rosen,1,8.0,0.0,0.0,0.0,0.0,0.0,0.0,0.0,0.0,478.0,478.0,59.232,59.232,1
NewYorkCity_06222021_REPCouncilMember32ndCouncilDistrict,0,,,,,,,,,,2,3,0,6.0,1745.0,58.0,1155.0,201299.0,True,1141.0,1.415,Joann Ariola,1,6.0,0.0,0.0,0.0,0.0,0.0,0.0,0.0,0.0,2378.0,2378.0,82.0,82.0,1
NewYorkCity_06222021_REPCouncilMember50thCouncilDistrict,0.7378607809847199,,,,,,,,,,5,5,0,30.0,4090.0,3026.0,4500.0,19850.0,True,1798.0,2.332,David M. Carr,5,30.0,1383.0,8.0,0.0,1375.0,0.0,0.0,0.0,0.0,2692.0,3618.0,31.386,50.292,2
NewYorkCity_06222021_REPMayorCitywide,0,,,,,,,,,,2,3,0,266.0,29634.0,3565.0,30506.0,660657.0,True,29397.0,1.562,Curtis A. Sliwa,1,266.0,0.0,0.0,0.0,0.0,0.0,0.0,0.0,0.0,40794.0,40794.0,67.935,67.935,1
Oakland_11022010_CityAuditor,0,,,,,,,,,,2,3,0,122.0,39215.0,8733.0,58495.0,122268.0,True,56876.0,1.687,COURTNEY RUBY,1,122.0,0.0,0.0,0.0,0.0,0.0,0.0,0.0,0.0,65335.0,65335.0,66.924,66.924,1
Oakland_11022010_CityCouncilDistrict2,0,,,,,,,,,,2,3,0,11.0,6450.0,964.0,7190.0,15243.0,True,6949.0,1.597,PATRICIA KERNIGHAN,1,11.0,0.0,0.0,0.0,0.0,0.0,0.0,0.0,0.0,8954.0,8954.0,65.679,65.679,1
Oakland_11022010_CityCouncilDistrict4,0.31203373337658125,,,,,,,,,,7,3,1,46.0,4028.0,13499.0,16997.0,23884.0,True,13499.0,2.449,LIBBY SCHAAF,6,46.0,1323.0,14.0,0.0,738.0,0.0,571.0,317.0,254.0,8756.0,10439.0,41.707,53.068,1
Oakland_11022010_CityCouncilDistrict6,0,,,,,,,,,,3,3,0,12.0,3863.0,7187.0,9056.0,14040.0,True,7187.0,2.257,DESLEY BROOKS,1,12.0,0.0,0.0,0.0,0.0,0.0,0.0,0.0,0.0,8282.0,8282.0,64.147,64.147,1
Oakland_11022010_SchoolDirectorDistrict2,0,,,,,,,,,,1,3,0,5.0,9349.0,0,776.0,15243.0,True,9951.0,1.076,DAVID KAKISHIBA,1,5.0,0.0,0.0,0.0,0.0,0.0,0.0,0.0,0.0,9892.0,9892.0,97.708,97.708,1
Oakland_11022010_SchoolDirectorDistrict4,0,,,,,,,,,,2,3,0,16.0,8267.0,1479.0,10738.0,23884.0,True,10485.0,1.642,GARY D. YEE,1,16.0,0.0,0.0,0.0,0.0,0.0,0.0,0.0,0.0,13043.0,13043.0,68.658,68.658,1
Oakland_11022010_SchoolDirectorDistrict6,0,,,,,,,,,,1,3,0,7.0,9342.0,0,825.0,14040.0,True,9972.0,1.081,CHRISTOPHER DOBBINS,1,7.0,0.0,0.0,0.0,0.0,0.0,0.0,0.0,0.0,9908.0,9908.0,97.472,97.472,1
Oakland_11032020_CityAttorneyOaklandRCV,0,,,,,,,,,,2,5,0,798.0,63972.0,2191.0,112571.0,204976.0,True,111831.0,1.644,BARBARA PARKER,1,798.0,0.0,0.0,0.0,0.0,0.0,0.0,0.0,0.0,140970.0,140970.0,79.935,79.935,1
Oakland_11032020_MemberCityCouncilAtLargeOaklandRCV,0.15742336271141794,,,,,,,,,,3,5,0,1357.0,52693.0,104739.0,134375.0,204976.0,True,101960.0,2.29,REBECCA KAPLAN,3,1357.0,4217.0,129.0,0.0,4088.0,0.0,0.0,0.0,0.0,90242.0,95334.0,48.452,52.372,1
Oakland_11032020_MemberCityCouncilDist1OaklandRCV,0,,,,,,,,,,3,5,0,110.0,9910.0,20005.0,27180.0,41006.0,True,19686.0,2.278,DAN KALB,1,110.0,0.0,0.0,0.0,0.0,0.0,0.0,0.0,0.0,19790.0,19790.0,53.456,53.456,1
Oakland_11032020_MemberCityCouncilDist3OaklandRCV,0.09688877195290403,,,,,,,,,,6,5,0,294.0,8607.0,18143.0,22270.0,34417.0,True,12030.0,3.148,CARROLL FIFE,4,294.0,502.0,53.0,0.0,449.0,0.0,0.0,0.0,0.0,15046.0,15429.0,49.016,51.1,1
Oakland_11032020_MemberCityCouncilDist5OaklandRCV,0,,,,,,,,,,3,5,0,160.0,4605.0,10673.0,13201.0,19777.0,True,10530.0,2.346,NOEL GALLO,1,160.0,0.0,0.0,0.0,0.0,0.0,0.0,0.0,0.0,8957.0,8957.0,50.559,50.559,1
Oakland_11032020_MemberCityCouncilDist7OaklandRCV,0.5350502367478923,,,,,,,,,,5,5,0,275.0,4511.0,13279.0,15224.0,21404.0,True,9966.0,3.511,TREVA REID,5,275.0,1953.0,122.0,0.0,1831.0,0.0,0.0,0.0,0.0,6889.0,10574.0,35.227,60.069,1
Oakland_11032020_SchoolDirectorDist1OaklandRCV,0.38926829268292684,,,,,,,,,,3,5,0,68.0,7860.0,18039.0,26683.0,41006.0,True,17877.0,2.299,SAM DAVIS,3,68.0,927.0,11.0,0.0,916.0,0.0,0.0,0.0,0.0,16374.0,20994.0,47.458,62.529,1
Oakland_11032020_SchoolDirectorDist3OaklandRCV,0.47127755469966404,,,,,,,,,,5,5,0,217.0,5385.0,16471.0,23272.0,34417.0,True,11928.0,3.26,VANCEDRIC WILLIAMS,5,217.0,1751.0,44.0,0.0,1707.0,0.0,0.0,0.0,0.0,10935.0,16374.0,38.313,61.12,1
Oakland_11032020_SchoolDirectorDist5OaklandRCV,0.48610551751913006,,,,,,,,,,4,5,0,157.0,4702.0,10704.0,12484.0,19777.0,True,9129.0,2.886,MIKE HUTCHINSON,4,157.0,1115.0,30.0,0.0,1085.0,0.0,0.0,0.0,0.0,6898.0,9033.0,40.353,56.53,1
Oakland_11032020_SchoolDirectorDist7OaklandRCV,0.726840490797546,,,,,,,,,,5,5,0,244.0,4370.0,12235.0,14075.0,20748.0,True,9658.0,3.509,CLIFFORD THOMPSON,5,244.0,2174.0,103.0,0.0,2071.0,0.0,0.0,0.0,0.0,5431.0,8603.0,29.665,53.322,1
Oakland_11042014_CityAuditor,0,,,,,,,,,,2,3,0,99.0,38172.0,0,41141.0,104834.0,True,41141.0,1.517,BRENDA ROBERTS,1,99.0,0.0,0.0,0.0,0.0,0.0,0.0,0.0,0.0,60970.0,60970.0,76.898,76.898,1
Oakland_11042014_CityCouncilDistrict2,0.5651026945543621,,,,,,,,,,5,3,1,41.0,3315.0,7790.0,10255.0,15293.0,True,7790.0,2.325,ABEL GUILLEN,4,41.0,1208.0,18.0,0.0,529.0,0.0,661.0,203.0,458.0,4886.0,6547.0,36.046,53.025,1
Oakland_11042014_CityCouncilDistrict4,0,,,,,,,,,,3,3,0,20.0,5724.0,7885.0,11991.0,20018.0,True,7885.0,2.121,ANNIE CAMPBELL WASHINGTON,1,20.0,0.0,0.0,0.0,0.0,0.0,0.0,0.0,0.0,11358.0,11358.0,64.155,64.155,1
Oakland_11042014_CityCouncilDistrict6,0.4523089332526719,,,,,,,,,,5,3,1,43.0,3470.0,5989.0,7712.0,12383.0,True,5989.0,2.221,DESLEY BROOKS,4,43.0,786.0,12.0,0.0,274.0,0.0,500.0,2.0,498.0,4772.0,5430.0,42.752,52.332,1
Oakland_11042014_Mayor,0.4684148067004427,,,,,,,,,,16,3,1,794.0,15068.0,75390.0,87226.0,104834.0,True,75390.0,2.58,LIBBY SCHAAF,15,794.0,24661.0,256.0,0.0,4746.0,0.0,19659.0,12145.0,7514.0,30041.0,48806.0,29.484,63.198,1
Oakland_11042014_SchoolDirectorDistrict2,0,,,,,,,,,,2,3,0,17.0,6356.0,0,5358.0,15293.0,True,5358.0,1.456,AIMEE ENG,1,17.0,0.0,0.0,0.0,0.0,0.0,0.0,0.0,0.0,8907.0,8907.0,76.063,76.063,1
Oakland_11042014_SchoolDirectorDistrict4,0.5441333945234818,,,,,,,,,,4,3,0,32.0,4165.0,8491.0,11975.0,20018.0,True,8491.0,2.266,NINA SENN,3,32.0,1234.0,9.0,0.0,1225.0,0.0,0.0,0.0,0.0,6183.0,7802.0,38.356,52.412,1
Oakland_11042014_SchoolDirectorDistrict6,0,,,,,,,,,,2,3,0,20.0,5027.0,0,5362.0,12377.0,True,5362.0,1.514,SHANTHI GONZALES,1,20.0,0.0,0.0,0.0,0.0,0.0,0.0,0.0,0.0,6078.0,6078.0,58.532,58.532,1
Oakland_11062012_CityAttorney,0,,,,,,,,,,2,3,0,243.0,68469.0,6261.0,63255.0,156832.0,True,61225.0,1.526,BARBARA PARKER,1,243.0,0.0,0.0,0.0,0.0,0.0,0.0,0.0,0.0,90055.0,90055.0,68.426,68.426,1
Oakland_11062012_CityCouncilAtLarge,0.39569323325668504,,,,,,,,,,5,3,1,923.0,43150.0,79572.0,101809.0,156832.0,True,79572.0,2.244,REBECCA KAPLAN,5,923.0,14463.0,148.0,0.0,2982.0,0.0,11333.0,4751.0,6582.0,65041.0,78941.0,45.005,60.697,1
Oakland_11062012_CityCouncilDistrict1,0.7076295864880606,,,,,,,,,,7,3,1,107.0,6277.0,18246.0,22438.0,34180.0,True,18246.0,2.413,DAN KALB,7,107.0,4918.0,42.0,0.0,1489.0,0.0,3387.0,2037.0,1350.0,8259.0,12293.0,28.818,51.78,1
Oakland_11062012_CityCouncilDistrict3,0.8872477332553378,,,,,,,,,,6,3,1,98.0,4715.0,14846.0,17436.0,26761.0,True,14846.0,2.453,LYNETTE GIBSON-MCELHANEY,6,98.0,4668.0,48.0,0.0,1026.0,0.0,3594.0,1531.0,2063.0,5207.0,9397.0,23.566,53.922,2
Oakland_11062012_CityCouncilDistrict5,0.4619352176604085,,,,,,,,,,4,3,0,66.0,3702.0,5737.0,7628.0,13482.0,True,5737.0,2.174,NOEL GALLO,4,66.0,832.0,17.0,0.0,815.0,0.0,0.0,0.0,0.0,4633.0,5716.0,41.029,54.646,1
Oakland_11062012_CityCouncilDistrict7,0,,,,,,,,,,3,3,0,39.0,5722.0,7211.0,9362.0,17014.0,True,7211.0,2.096,LARRY E. REID,1,39.0,0.0,0.0,0.0,0.0,0.0,0.0,0.0,0.0,8725.0,8725.0,57.916,57.916,1
Oakland_11062012_SchoolDirectorDistrict1,0,,,,,,,,,,2,3,0,29.0,14552.0,918.0,11774.0,34180.0,True,11451.0,1.481,JODY LONDON,1,29.0,0.0,0.0,0.0,0.0,0.0,0.0,0.0,0.0,19840.0,19840.0,75.397,75.397,1
Oakland_11062012_SchoolDirectorDistrict3,0.5467559217301751,,,,,,,,,,3,3,0,37.0,6734.0,10481.0,14006.0,26761.0,True,10481.0,2.179,JUMOKE HINTON HODGE,3,37.0,1505.0,10.0,0.0,1495.0,0.0,0.0,0.0,0.0,9694.0,11725.0,46.795,61.033,1
Oakland_11062012_SchoolDirectorDistrict5,0,,,,,,,,,,2,3,0,28.0,5572.0,672.0,5481.0,13482.0,True,5328.0,1.555,ROSIE TORRES,1,28.0,0.0,0.0,0.0,0.0,0.0,0.0,0.0,0.0,6005.0,6005.0,54.403,54.403,1
Oakland_11062012_SchoolDirectorDistrict7,0,,,,,,,,,,2,3,0,35.0,6808.0,889.0,7320.0,16440.0,True,7107.0,1.58,JAMES HARRIS,1,35.0,0.0,0.0,0.0,0.0,0.0,0.0,0.0,0.0,7986.0,7986.0,56.614,56.614,1
Oakland_11062018_CityAuditor,0,,,,,,,,,,2,3,0,266.0,74736.0,0,59657.0,164775.0,True,59657.0,1.442,COURTNEY RUBY,1,266.0,0.0,0.0,0.0,0.0,0.0,0.0,0.0,0.0,87759.0,87759.0,65.35,65.35,1
Oakland_11062018_CityCouncilDistrict2,0,,,,,,,,,,3,3,0,57.0,6907.0,8493.0,14100.0,23677.0,True,8493.0,2.072,NIKKI FORTUNATO BAS,1,57.0,0.0,0.0,0.0,0.0,0.0,0.0,0.0,0.0,11310.0,11310.0,53.903,53.903,1
Oakland_11062018_CityCouncilDistrict4,0.49885126361002896,,,,,,,,,,7,3,1,98.0,5136.0,16182.0,20138.0,28244.0,True,16182.0,2.433,SHENG THAO,6,98.0,3523.0,23.0,0.0,1488.0,0.0,2012.0,950.0,1062.0,8750.0,11736.0,34.696,54.093,1
Oakland_11062018_CityCouncilDistrict6,0.4641330166270784,,,,,,,,,,5,3,1,136.0,3998.0,11567.0,13900.0,19547.0,True,11567.0,2.412,LOREN TAYLOR,4,136.0,2504.0,30.0,0.0,524.0,0.0,1950.0,1038.0,912.0,7158.0,9858.0,40.112,64.259,1
Oakland_11062018_Mayor,0,,,,,,,,,,10,3,1,1222.0,43774.0,89688.0,115433.0,164775.0,True,89688.0,2.279,LIBBY SCHAAF,1,1222.0,0.0,0.0,0.0,0.0,0.0,0.0,0.0,0.0,84502.0,84502.0,53.274,53.274,1
Oakland_11062018_SchoolDirectorDistrict2,0,,,,,,,,,,1,3,0,25.0,16614.0,0,0,23677.0,True,16614.0,0.999,AIMEE ENG,1,25.0,0.0,0.0,0.0,0.0,0.0,0.0,0.0,0.0,16607.0,16607.0,100.0,100.0,1
Oakland_11062018_SchoolDirectorDistrict4,0,,,,,,,,,,2,3,0,47.0,14490.0,0,10174.0,28244.0,True,10174.0,1.411,GARY D. YEE,1,47.0,0.0,0.0,0.0,0.0,0.0,0.0,0.0,0.0,14534.0,14534.0,58.99,58.99,1
Oakland_11062018_SchoolDirectorDistrict6,0,,,,,,,,,,2,3,0,22.0,14105.0,0,92.0,19539.0,True,92.0,1.005,SHANTHI GONZALES,1,22.0,0.0,0.0,0.0,0.0,0.0,0.0,0.0,0.0,13964.0,13964.0,98.4,98.4,1
Oakland_11082016_CityAttorney,0,,,,,,,,,,1,3,0,148.0,128052.0,0,0,177631.0,True,128052.0,0.999,BARBARA J. PARKER,1,148.0,0.0,0.0,0.0,0.0,0.0,0.0,0.0,0.0,128029.0,128029.0,100.0,100.0,1
Oakland_11082016_CityCouncilDistrict1,0,,,,,,,,,,2,3,0,22.0,20003.0,0,11023.0,37139.0,True,11023.0,1.355,DAN KALB,1,22.0,0.0,0.0,0.0,0.0,0.0,0.0,0.0,0.0,25102.0,25102.0,80.925,80.925,1
Oakland_11082016_CityCouncilDistrict3,0,,,,,,,,,,2,3,0,56.0,11607.0,0,11664.0,28936.0,True,11664.0,1.499,LYNETTE GIBSON MCELHANEY,1,56.0,0.0,0.0,0.0,0.0,0.0,0.0,0.0,0.0,13147.0,13147.0,56.534,56.534,1
Oakland_11082016_CityCouncilDistrict5,0,,,,,,,,,,2,3,0,48.0,7391.0,0,6511.0,16317.0,True,6511.0,1.464,NOEL GALLO,1,48.0,0.0,0.0,0.0,0.0,0.0,0.0,0.0,0.0,7838.0,7838.0,56.425,56.425,1
Oakland_11082016_CityCouncilDistrict7,0,,,,,,,,,,3,3,0,63.0,5469.0,7592.0,10285.0,18069.0,True,7592.0,2.129,LARRY E. REID,1,63.0,0.0,0.0,0.0,0.0,0.0,0.0,0.0,0.0,8464.0,8464.0,53.791,53.791,1
Oakland_11082016_CouncilAtLrg,0,,,,,,,,,,5,3,1,1254.0,39221.0,96039.0,121386.0,177631.0,True,96039.0,2.344,REBECCA KAPLAN,1,1254.0,0.0,0.0,0.0,0.0,0.0,0.0,0.0,0.0,83365.0,83365.0,52.095,52.095,1
Oakland_11082016_SchoolDirectorDistrict1,0,,,,,,,,,,2,3,0,28.0,18455.0,0,10394.0,37139.0,True,10394.0,1.359,JODY LONDON,1,28.0,0.0,0.0,0.0,0.0,0.0,0.0,0.0,0.0,21746.0,21746.0,75.397,75.397,1
Oakland_11082016_SchoolDirectorDistrict3,0.5393368010403121,,,,,,,,,,5,3,1,107.0,6294.0,11915.0,16091.0,28936.0,True,11915.0,2.244,JUMOKE HINTON HODGE,4,107.0,1745.0,18.0,0.0,781.0,0.0,946.0,1.0,945.0,8905.0,10796.0,39.842,52.393,1
Oakland_11082016_SchoolDirectorDistrict5,0.441747572815534,,,,,,,,,,4,3,0,90.0,4358.0,5981.0,8985.0,16317.0,True,5981.0,2.113,ROSIE TORRES,3,90.0,1019.0,10.0,0.0,1009.0,0.0,0.0,0.0,0.0,4786.0,6277.0,35.971,51.091,2
Oakland_11082016_SchoolDirectorDistrict7,0,,,,,,,,,,2,3,0,71.0,7490.0,0,7458.0,17469.0,True,7458.0,1.494,JAMES HARRIS,1,71.0,0.0,0.0,0.0,0.0,0.0,0.0,0.0,0.0,9965.0,9965.0,66.745,66.745,1
Oakland_11082022_CityAuditor,0,,,,,,,,,,1,5,0,146.0,96645.0,0,1657.0,133527.0,True,97653.0,1.015,COURTNEY RUBY,1,146.0,0.0,0.0,0.0,0.0,0.0,0.0,0.0,0.0,97181.0,97181.0,98.864,98.864,1
Oakland_11082022_CityCouncilmemberDistrict4,0,,,,,,,,,,2,5,0,89.0,13447.0,245.0,14389.0,30983.0,True,14177.0,1.523,JANANI RAMACHANDRAN,1,89.0,0.0,0.0,0.0,0.0,0.0,0.0,0.0,0.0,18926.0,18926.0,68.069,68.069,1
Oakland_11082022_CityCouncilmemberDistrict6,0,,,,,,,,,,4,5,0,137.0,5143.0,7218.0,9724.0,16903.0,True,5470.0,2.531,KEVIN JENKINS,1,137.0,0.0,0.0,0.0,0.0,0.0,0.0,0.0,0.0,10428.0,10428.0,70.469,70.469,1
Oakland_11082022_Mayor,0.31150875871162176,,,,,,,,,,10,5,1,2241.0,18377.0,90274.0,109344.0,133527.0,True,43740.0,3.327,SHENG THAO,10,2241.0,12602.0,852.0,0.0,8198.0,0.0,3552.0,2181.0,1371.0,39945.0,57206.0,31.618,50.298,2
Oakland_11082022_Schoolboarddistrict2,0.33280063923292047,,,,,,,,,,3,5,0,97.0,4534.0,6855.0,10625.0,17851.0,True,6757.0,2.155,JENNIFER BROUHARD,3,97.0,433.0,17.0,0.0,416.0,0.0,0.0,0.0,0.0,7497.0,9372.0,49.633,63.877,1
Oakland_11082022_Schoolboarddistrict6,0.23428981348637015,,,,,,,,,,3,5,0,149.0,4322.0,7191.0,10255.0,16898.0,True,7095.0,2.197,VALARIE BACHELOR,3,149.0,549.0,14.0,0.0,535.0,0.0,0.0,0.0,0.0,6951.0,7564.0,47.948,54.23,1
Payson_11052019_CityCouncil,0.5872881355932204,,,,,,,,,,5,5,0,2.0,145.0,2370.0,2532.0,2764.0,True,1924.0,4.303,DOUG WELTON,4,2.0,106.0,0.0,0.0,106.0,0.0,0.0,0.0,0.0,1037.0,1548.0,38.766,60.257,1
PierceCounty_11032009_CountyAuditor,0.0075423441292376756,,,,,,,,,,3,3,0,193.0,48468.0,80039.0,105143.0,159987.0,True,80039.0,2.204,Julie Anderson,2,193.0,446.0,2.0,0.0,444.0,0.0,0.0,0.0,0.0,76634.0,76699.0,49.915,50.103,1
PierceCounty_11042008_CountyAssessorTreasurer,0.851121348042187,,,,,,,,,,6,3,1,363.0,83066.0,150323.0,179627.0,312771.0,True,150323.0,2.255,Dale Washam,6,363.0,73014.0,237.0,0.0,47506.0,0.0,25271.0,20093.0,5178.0,65676.0,98366.0,25.024,51.927,1
PierceCounty_11042008_CountyCouncilDistrict2,0.383486881634288,,,,,,,,,,3,3,0,31.0,16086.0,17110.0,23931.0,43661.0,True,17110.0,2.025,Joyce McDonald,3,31.0,1858.0,2.0,0.0,1856.0,0.0,0.0,0.0,0.0,19967.0,21078.0,49.917,55.262,1
Portland_06082021_charter_commission_at_large,0.9194348988163421,,,,,,,,,,11,11,0,134.0,726.0,7327.0,8055.0,9031.0,True,561.0,4.772,"Chann, Marpheen S.",10,134.0,1532.0,11.0,0.0,1521.0,0.0,0.0,0.0,0.0,1483.0,3695.0,16.954,51.213,3
Portland_06142022_SchoolboardAL-1,0.5456563974465723,,,,,,,,,,7,7,0,123.0,732.0,4982.0,8169.0,9464.0,True,1586.0,3.378,"Lentz, Sarah M.",6,123.0,1552.0,10.0,0.0,1542.0,0.0,0.0,0.0,0.0,3268.0,4045.0,36.868,55.32,1
Portland_11082022_SchoolBoardDistrict3,0.2808362369337979,,,,,,,,,,3,3,0,13.0,2332.0,2758.0,3885.0,7518.0,True,2758.0,2.067,"Opperman, Julianne R.",2,13.0,309.0,6.0,0.0,303.0,0.0,0.0,0.0,0.0,2870.0,3228.0,46.223,54.712,1
SanFrancisco_06052018_BoardofSupervisorsDistrict8,0,,,,,,,,,,3,3,0,25.0,10926.0,12835.0,22349.0,36067.0,True,12835.0,2.057,RAFAEL MANDELMAN,1,25.0,0.0,0.0,0.0,0.0,0.0,0.0,0.0,0.0,19996.0,19996.0,60.117,60.117,1
SanFrancisco_06052018_Mayor,0.642647931729057,,,,,,,,,,8,3,1,634.0,36664.0,173291.0,214734.0,254016.0,True,173291.0,2.541,LONDON BREED,8,634.0,21624.0,114.0,0.0,8606.0,0.0,12904.0,8181.0,4723.0,92121.0,115977.0,36.697,50.555,1
SanFrancisco_11022004_BoardofSupervisorsDistrict11,0.5059420916162489,,,,,,,,,,8,3,1,219.0,4397.0,16395.0,18779.0,24902.0,True,16395.0,2.494,Gerardo Sandoval,7,219.0,4869.0,51.0,0.0,2200.0,0.0,2618.0,2526.0,92.0,7477.0,10679.0,32.262,58.333,1
SanFrancisco_11022004_BoardofSupervisorsDistrict2,0,,,,,,,,,,5,3,1,95.0,11390.0,18947.0,23098.0,39462.0,True,18947.0,2.213,Michela Alioto-pier,1,95.0,0.0,0.0,0.0,0.0,0.0,0.0,0.0,0.0,21118.0,21118.0,61.233,61.233,1
SanFrancisco_11022004_BoardofSupervisorsDistrict3,0,,,,,,,,,,4,3,0,74.0,7162.0,15950.0,18743.0,28317.0,True,15950.0,2.333,Arron Peskin,1,74.0,0.0,0.0,0.0,0.0,0.0,0.0,0.0,0.0,16177.0,16177.0,62.447,62.447,1
SanFrancisco_11022004_BoardofSupervisorsDistrict5,0.4102710181492634,,,,,,,,,,22,3,1,394.0,3903.0,28457.0,31206.0,39255.0,True,28457.0,2.669,Ross Mirkarimi,20,394.0,8998.0,76.0,0.0,2861.0,0.0,6061.0,5963.0,98.0,9947.0,13211.0,28.332,50.596,1
SanFrancisco_11022004_BoardofSupervisorsDistrict7,0.33545078830552577,,,,,,,,,,13,3,1,236.0,5256.0,22105.0,26383.0,34905.0,True,22105.0,2.514,Sean R. Elsbernd,12,236.0,7314.0,40.0,0.0,2939.0,0.0,4335.0,4237.0,98.0,10505.0,13834.0,33.203,56.872,1
SanFrancisco_11022004_BoardofSupervisorsDistrict9,0,,,,,,,,,,6,3,1,172.0,4185.0,16142.0,20683.0,26275.0,True,16142.0,2.464,Tom Ammiano,1,172.0,0.0,0.0,0.0,0.0,0.0,0.0,0.0,0.0,12592.0,12592.0,50.635,50.635,1
SanFrancisco_11022010_BoardofSupervisorsDistrict10,0.808252427184466,,,,,,,,,,21,3,1,500.0,4231.0,11063.0,13776.0,20550.0,True,11063.0,2.34,MALIA COHEN,21,500.0,9608.0,105.0,0.0,2682.0,0.0,6821.0,4631.0,2190.0,2097.0,4321.0,11.776,52.695,3
SanFrancisco_11022010_BoardofSupervisorsDistrict2,0.23425644916540211,,,,,,,,,,6,3,1,86.0,9465.0,10211.0,14678.0,28911.0,True,10211.0,2.028,MARK FARRELL,6,86.0,1500.0,11.0,0.0,693.0,0.0,796.0,332.0,464.0,9700.0,11426.0,40.259,50.571,2
SanFrancisco_11022010_BoardofSupervisorsDistrict6,0.5580018024977469,,,,,,,,,,14,3,1,357.0,5731.0,12714.0,15503.0,25057.0,True,12714.0,2.306,JANE KIM,14,357.0,4693.0,29.0,0.0,1553.0,0.0,3111.0,1998.0,1113.0,6621.0,8865.0,31.4,54.078,1
SanFrancisco_11022010_BoardofSupervisorsDistrict8,0.40326869446786434,,,,,,,,,,4,3,0,79.0,9683.0,16984.0,25310.0,38551.0,True,16984.0,2.206,SCOTT WIENER,4,79.0,2024.0,15.0,0.0,2009.0,0.0,0.0,0.0,0.0,14813.0,18239.0,42.383,55.394,1
SanFrancisco_11032015_BoardofSupervisorsDistrict3,0,,,,,,,,,,3,3,0,41.0,8716.0,4478.0,7988.0,17554.0,True,4478.0,1.743,AARON PESKIN,1,41.0,0.0,0.0,0.0,0.0,0.0,0.0,0.0,0.0,8767.0,8767.0,52.516,52.516,1
SanFrancisco_11032015_Mayor,0,,,,,,,,,,6,3,1,621.0,86895.0,84870.0,103133.0,203069.0,True,84870.0,1.986,ED LEE,1,621.0,0.0,0.0,0.0,0.0,0.0,0.0,0.0,0.0,105771.0,105771.0,55.755,55.755,1
SanFrancisco_11032015_Sheriff,0,,,,,,,,,,3,3,0,237.0,95000.0,53191.0,90911.0,203069.0,True,53191.0,1.774,VICKI HENNESSY,1,237.0,0.0,0.0,0.0,0.0,0.0,0.0,0.0,0.0,113349.0,113349.0,60.996,60.996,1
SanFrancisco_11032020_BOARDOFSUPERVISORSDISTRICT1,0.503736816372145,,,,,,,,,,7,7,0,107.0,8136.0,22580.0,27970.0,39909.0,True,12138.0,3.975,CONNIE CHAN,6,107.0,1917.0,44.0,0.0,1873.0,0.0,0.0,0.0,0.0,13508.0,17142.0,37.443,50.183,1
SanFrancisco_11032020_BOARDOFSUPERVISORSDISTRICT11,0.18451987848368775,,,,,,,,,,4,3,0,117.0,6214.0,20905.0,25184.0,34262.0,True,20905.0,2.462,AHSHA SAFAI,3,117.0,513.0,10.0,0.0,503.0,0.0,0.0,0.0,0.0,15135.0,16367.0,48.278,53.076,1
SanFrancisco_11032020_BOARDOFSUPERVISORSDISTRICT3,0,,,,,,,,,,4,4,0,92.0,6827.0,18660.0,22098.0,32889.0,True,15531.0,2.94,AARON PESKIN,1,92.0,0.0,0.0,0.0,0.0,0.0,0.0,0.0,0.0,15412.0,15412.0,53.342,53.342,1
SanFrancisco_11032020_BOARDOFSUPERVISORSDISTRICT5,0,,,,,,,,,,4,4,0,98.0,8445.0,28110.0,33369.0,46417.0,True,20766.0,2.964,DEAN PRESTON,1,98.0,0.0,0.0,0.0,0.0,0.0,0.0,0.0,0.0,21484.0,21484.0,51.441,51.441,1
SanFrancisco_11032020_BOARDOFSUPERVISORSDISTRICT9,0,,,,,,,,,,2,3,0,2.0,29269.0,0,6.0,36969.0,True,6.0,1.0,HILLARY RONEN,1,2.0,0.0,0.0,0.0,0.0,0.0,0.0,0.0,0.0,29212.0,29212.0,99.785,99.785,1
SanFrancisco_11042008_BoardofSupervisorsDistrict1,0.3871339256334321,,,,,,,,,,9,3,1,242.0,7228.0,16762.0,21640.0,31694.0,True,16762.0,2.32,ERIC MAR,9,242.0,2799.0,18.0,0.0,861.0,0.0,1920.0,1429.0,491.0,11649.0,13152.0,40.51,50.668,1
SanFrancisco_11042008_BoardofSupervisorsDistrict11,0.667154270282435,,,,,,,,,,9,3,1,410.0,5321.0,16487.0,19538.0,26909.0,True,16487.0,2.427,JOHN AVALOS,9,410.0,5356.0,62.0,0.0,1742.0,0.0,3552.0,2128.0,1424.0,6964.0,10225.0,28.225,52.933,1
SanFrancisco_11042008_BoardofSupervisorsDistrict3,0.37520246193715584,,,,,,,,,,9,3,1,284.0,4759.0,18954.0,22578.0,30086.0,True,18954.0,2.506,DAVID CHIU,9,284.0,4323.0,32.0,0.0,1373.0,0.0,2918.0,2325.0,593.0,10270.0,13582.0,37.76,59.375,1
SanFrancisco_11042008_BoardofSupervisorsDistrict4,0,,,,,,,,,,3,3,0,83.0,9388.0,15331.0,20079.0,31628.0,True,15331.0,2.198,CARMEN CHU,1,83.0,0.0,0.0,0.0,0.0,0.0,0.0,0.0,0.0,15405.0,15405.0,52.329,52.329,1
SanFrancisco_11042008_BoardofSupervisorsDistrict5,0,,,,,,,,,,3,3,0,104.0,14078.0,17890.0,21612.0,41175.0,True,17890.0,2.103,ROSS MIRKARIMI,1,104.0,0.0,0.0,0.0,0.0,0.0,0.0,0.0,0.0,27564.0,27564.0,77.299,77.299,1
SanFrancisco_11042008_BoardofSupervisorsDistrict7,0,,,,,,,,,,3,3,0,53.0,14030.0,14545.0,17166.0,36669.0,True,14545.0,2.015,SEAN R. ELSBERND,1,53.0,0.0,0.0,0.0,0.0,0.0,0.0,0.0,0.0,22105.0,22105.0,70.929,70.929,1
SanFrancisco_11042008_BoardofSupervisorsDistrict9,0.5741792625397131,,,,,,,,,,7,3,1,313.0,4121.0,19552.0,22521.0,28884.0,True,19552.0,2.564,DAVID CAMPOS,7,313.0,3012.0,39.0,0.0,1234.0,0.0,1739.0,993.0,746.0,9468.0,12637.0,35.747,53.834,1
SanFrancisco_11042014_BoardofSupervisorsDistrict10,0.15742128935532235,,,,,,,,,,5,3,1,111.0,5180.0,7559.0,10265.0,16342.0,True,7559.0,2.144,MALIA COHEN,3,111.0,481.0,11.0,0.0,198.0,0.0,272.0,0.0,272.0,7176.0,7719.0,46.579,51.719,1
SanFrancisco_11052004_BoardofSupervisorsDistrict1,0.31547064305684996,,,,,,,,,,7,3,1,156.0,5495.0,19860.0,23292.0,30721.0,True,19860.0,2.486,Jake McGoldrick,6,156.0,2847.0,19.0,0.0,1336.0,0.0,1492.0,1457.0,35.0,11815.0,14011.0,41.043,54.013,1
SanFrancisco_11052019_CityAttorney,0,,,,,,,,,,1,3,0,62.0,163880.0,0,7.0,206117.0,True,163876.0,1.0,DENNIS J. HERRERA,1,62.0,0.0,0.0,0.0,0.0,0.0,0.0,0.0,0.0,163874.0,163874.0,99.995,99.995,1
SanFrancisco_11052019_DistrictAttorney,0.6339904826648538,,,,,,,,,,4,4,0,525.0,77147.0,85458.0,116300.0,206117.0,True,59705.0,2.348,CHESA BOUDIN,4,525.0,22613.0,192.0,0.0,22421.0,0.0,0.0,0.0,0.0,68805.0,86712.0,35.614,50.832,1
SanFrancisco_11052019_Mayor,0,,,,,,,,,,7,6,0,603.0,91698.0,68510.0,88212.0,206117.0,True,39539.0,2.643,LONDON N. BREED,1,603.0,0.0,0.0,0.0,0.0,0.0,0.0,0.0,0.0,126221.0,126221.0,70.284,70.284,1
SanFrancisco_11052019_MemberBoardofSupervisorsDistrict5,0.0915200282960474,,,,,,,,,,4,4,0,40.0,11362.0,7359.0,12335.0,24765.0,True,5512.0,2.062,DEAN PRESTON,3,40.0,414.0,8.0,0.0,406.0,0.0,0.0,0.0,0.0,11239.0,11723.0,47.472,50.398,1
SanFrancisco_11052019_PublicDefender,0,,,,,,,,,,1,3,0,47.0,161318.0,0,7.0,206117.0,True,161318.0,1.0,"MANOHAR ""MANO"" RAJU",1,47.0,0.0,0.0,0.0,0.0,0.0,0.0,0.0,0.0,161318.0,161318.0,99.997,99.997,1
SanFrancisco_11052019_Sheriff,0,,,,,,,,,,1,3,0,49.0,149046.0,0,9.0,206117.0,True,149049.0,1.0,PAUL MIYAMOTO,1,49.0,0.0,0.0,0.0,0.0,0.0,0.0,0.0,0.0,149045.0,149045.0,99.996,99.996,1
SanFrancisco_11052019_Treasurer,0,,,,,,,,,,1,3,0,46.0,154868.0,0,7.0,206117.0,True,154870.0,1.0,JOSÉ CISNEROS,1,46.0,0.0,0.0,0.0,0.0,0.0,0.0,0.0,0.0,154867.0,154867.0,99.996,99.996,1
SanFrancisco_11062007_Mayor,0,,,,,,,,,,12,3,1,499.0,78889.0,48481.0,65841.0,149465.0,True,48481.0,1.784,Gavin Newsom,1,499.0,0.0,0.0,0.0,0.0,0.0,0.0,0.0,0.0,106395.0,106395.0,73.513,73.513,1
SanFrancisco_11062012_BoardofSupervisorsDistrict5,0.6862520957171163,,,,,,,,,,8,3,1,209.0,6236.0,23641.0,29030.0,40253.0,True,23641.0,2.487,LONDON BREED,7,209.0,8534.0,33.0,0.0,3604.0,0.0,4897.0,4224.0,673.0,9842.0,14945.0,28.002,56.157,1
SanFrancisco_11062012_BoardofSupervisorsDistrict7,0.66818669527897,,,,,,,,,,9,3,1,181.0,6145.0,20756.0,25338.0,35351.0,True,20756.0,2.458,NORMAN YEE,8,181.0,6507.0,24.0,0.0,2593.0,0.0,3890.0,3252.0,638.0,9182.0,12505.0,29.256,50.265,1
SanFrancisco_11062018_AssessorRecorder,0,,,,,,,,,,2,3,0,428.0,184110.0,0,133230.0,368578.0,True,133230.0,1.419,CARMEN CHU,1,428.0,0.0,0.0,0.0,0.0,0.0,0.0,0.0,0.0,236697.0,236697.0,74.626,74.626,1
SanFrancisco_11062018_BoardofSupervisorsDistrict10,0.5183795227097767,,,,,,,,,,6,3,1,156.0,5265.0,12818.0,17999.0,26257.0,True,12818.0,2.316,SHAMANN WALTON,6,156.0,2547.0,21.0,0.0,1022.0,0.0,1504.0,792.0,712.0,9585.0,13023.0,41.325,63.075,1
SanFrancisco_11062018_BoardofSupervisorsDistrict2,0.32900259844093543,,,,,,,,,,4,3,0,79.0,9580.0,18420.0,25780.0,39906.0,True,18420.0,2.248,CATHERINE STEFANI,3,79.0,1911.0,18.0,0.0,1893.0,0.0,0.0,0.0,0.0,14415.0,17340.0,40.822,51.915,1
SanFrancisco_11062018_BoardofSupervisorsDistrict4,0.4282809455223248,,,,,,,,,,8,3,1,176.0,6716.0,17369.0,21788.0,31412.0,True,17369.0,2.366,GORDON MAR,7,176.0,5102.0,24.0,0.0,1801.0,0.0,3277.0,2418.0,859.0,10314.0,13255.0,36.289,56.84,1
SanFrancisco_11062018_BoardofSupervisorsDistrict6,0,,,,,,,,,,3,3,0,75.0,7638.0,13763.0,17724.0,28872.0,True,13763.0,2.238,MATT HANEY,1,75.0,0.0,0.0,0.0,0.0,0.0,0.0,0.0,0.0,14288.0,14288.0,56.407,56.407,1
SanFrancisco_11062018_BoardofSupervisorsDistrict8,0,,,,,,,,,,2,3,0,38.0,30102.0,0,11915.0,48049.0,True,11915.0,1.283,RAFAEL MANDELMAN,1,38.0,0.0,0.0,0.0,0.0,0.0,0.0,0.0,0.0,38406.0,38406.0,91.434,91.434,1
SanFrancisco_11062018_PublicDefender,0,,,,,,,,,,1,3,0,83.0,292890.0,0,0,368578.0,True,292890.0,1.0,JEFF ADACHI,1,83.0,0.0,0.0,0.0,0.0,0.0,0.0,0.0,0.0,292864.0,292864.0,100.0,100.0,1
SanFrancisco_11072006_BoardofSupervisorsDistrict10,0,,,,,,,,,,7,3,1,169.0,5439.0,6765.0,8883.0,16703.0,True,6765.0,2.068,Sophie Maxwell,1,169.0,0.0,0.0,0.0,0.0,0.0,0.0,0.0,0.0,7997.0,7997.0,55.837,55.837,1
SanFrancisco_11072006_BoardofSupervisorsDistrict2,0,,,,,,,,,,2,3,0,28.0,15741.0,124.0,5169.0,26186.0,True,4993.0,1.251,Michela Alioto-pier,1,28.0,0.0,0.0,0.0,0.0,0.0,0.0,0.0,0.0,16707.0,16707.0,79.9,79.9,1
SanFrancisco_11072006_BoardofSupervisorsDistrict4,0.9064291247095275,,,,,,,,,,6,3,1,201.0,4828.0,12343.0,14986.0,21985.0,True,12343.0,2.355,Ed Jew,6,201.0,3839.0,42.0,0.0,2869.0,0.0,928.0,827.0,101.0,5184.0,8388.0,26.163,52.507,1
SanFrancisco_11072006_BoardofSupervisorsDistrict6,0.044978018261751775,,,,,,,,,,8,3,1,165.0,7835.0,7800.0,10106.0,19915.0,True,7800.0,1.98,Chris Daly,5,165.0,295.0,7.0,0.0,236.0,0.0,52.0,34.0,18.0,8746.0,8968.0,48.749,50.822,1
SanFrancisco_11072006_BoardofSupervisorsDistrict8,0,,,,,,,,,,3,3,0,43.0,14619.0,8807.0,17096.0,35117.0,True,8807.0,1.814,Bevan Dufty,1,43.0,0.0,0.0,0.0,0.0,0.0,0.0,0.0,0.0,20924.0,20924.0,65.975,65.975,1
SanFrancisco_11082005_AssessorRecorder,0.3540355502636503,,,,,,,,,,4,3,0,748.0,66931.0,101977.0,132293.0,225370.0,True,101977.0,2.168,Phil Ting,3,748.0,9910.0,66.0,0.0,9844.0,0.0,0.0,0.0,0.0,94062.0,110053.0,47.214,58.133,1
SanFrancisco_11082005_Treasurer,0,,,,,,,,,,4,3,0,608.0,71665.0,81831.0,104826.0,225370.0,True,81831.0,2.051,Jose Cisneros,1,608.0,0.0,0.0,0.0,0.0,0.0,0.0,0.0,0.0,108155.0,108155.0,61.281,61.281,1
SanFrancisco_11082011_DistrictAttorney,0.5287014830988772,,,,,,,,,,5,3,1,559.0,48788.0,95318.0,135011.0,197242.0,True,95318.0,2.25,GEORGE GASCÓN,4,559.0,22486.0,123.0,0.0,16017.0,0.0,6346.0,2517.0,3829.0,76236.0,100245.0,41.548,62.264,1
SanFrancisco_11082011_Mayor,0.4724543662150989,,,,,,,,,,16,3,1,820.0,30835.0,141590.0,163919.0,197242.0,True,141590.0,2.562,ED LEE,16,820.0,52801.0,277.0,0.0,15811.0,0.0,36713.0,31826.0,4887.0,59775.0,84457.0,30.746,59.638,1
SanFrancisco_11082011_Sheriff,0.7342357259155007,,,,,,,,,,4,3,0,378.0,70070.0,76997.0,113348.0,197242.0,True,76997.0,2.036,ROSS MIRKARIMI,3,378.0,21504.0,93.0,0.0,21411.0,0.0,0.0,0.0,0.0,70457.0,86592.0,38.452,53.541,1
SanFrancisco_11082016_BoardofSupervisorsDistrict1,0.3090733733956525,,,,,,,,,,10,3,1,192.0,7131.0,19667.0,24656.0,35109.0,True,19667.0,2.388,SANDRA LEE FEWER,9,192.0,3185.0,18.0,0.0,936.0,0.0,2231.0,1802.0,429.0,12568.0,15037.0,39.67,52.769,1
SanFrancisco_11082016_BoardofSupervisorsDistrict11,0.45893484198205226,,,,,,,,,,5,3,1,173.0,5961.0,16006.0,19509.0,28010.0,True,16006.0,2.387,AHSHA SAFAI,4,173.0,3349.0,32.0,0.0,748.0,0.0,2569.0,1931.0,638.0,9466.0,11222.0,37.297,50.937,1
SanFrancisco_11082016_BoardofSupervisorsDistrict3,0,,,,,,,,,,2,3,0,24.0,15898.0,0,10769.0,31521.0,True,10769.0,1.403,AARON PESKIN,1,24.0,0.0,0.0,0.0,0.0,0.0,0.0,0.0,0.0,19211.0,19211.0,72.065,72.065,1
SanFrancisco_11082016_BoardofSupervisorsDistrict5,0,,,,,,,,,,2,3,0,50.0,22089.0,0,18932.0,45531.0,True,18932.0,1.46,LONDON BREED,1,50.0,0.0,0.0,0.0,0.0,0.0,0.0,0.0,0.0,21399.0,21399.0,52.181,52.181,1
SanFrancisco_11082016_BoardofSupervisorsDistrict7,0.5486832109394784,,,,,,,,,,5,3,1,128.0,8275.0,22105.0,27074.0,39486.0,True,22105.0,2.388,NORMAN YEE,4,128.0,4767.0,25.0,0.0,1975.0,0.0,2767.0,2000.0,767.0,14179.0,17692.0,40.197,57.993,1
SanFrancisco_11082016_BoardofSupervisorsDistrict9,0,,,,,,,,,,4,3,0,127.0,8025.0,17026.0,24097.0,34945.0,True,17026.0,2.276,HILLARY RONEN,1,127.0,0.0,0.0,0.0,0.0,0.0,0.0,0.0,0.0,18396.0,18396.0,57.391,57.391,1
SanFrancisco_11082022_AssessorRecorder,0,,,,,,,,,,1,3,0,7.0,224579.0,0,1.0,308340.0,True,224580.0,1.0,JOAQUÍN TORRES,1,7.0,0.0,0.0,0.0,0.0,0.0,0.0,0.0,0.0,224579.0,224579.0,100.0,100.0,1
SanFrancisco_11082022_BoardofSupervisorsD10,0,,,,,,,,,,2,3,0,66.0,8828.0,0,8002.0,20674.0,True,8002.0,1.47,SHAMANN WALTON,1,66.0,0.0,0.0,0.0,0.0,0.0,0.0,0.0,0.0,12220.0,12220.0,72.63,72.63,1
SanFrancisco_11082022_BoardofSupervisorsD2,0,,,,,,,,,,1,3,0,0,22541.0,0,0,31877.0,True,22541.0,1.0,CATHERINE STEFANI,1,0.0,0.0,0.0,0.0,0.0,0.0,0.0,0.0,0.0,22541.0,22541.0,100.0,100.0,1
SanFrancisco_11082022_BoardofSupervisorsD4,0,,,,,,,,,,2,3,0,53.0,16380.0,0,10655.0,30085.0,True,10655.0,1.392,JOEL ENGARDIO,1,53.0,0.0,0.0,0.0,0.0,0.0,0.0,0.0,0.0,13749.0,13749.0,50.868,50.868,1
SanFrancisco_11082022_BoardofSupervisorsD6,0,,,,,,,,,,4,4,0,90.0,5507.0,7091.0,10807.0,18663.0,True,6150.0,2.467,MATT DORSEY,1,90.0,0.0,0.0,0.0,0.0,0.0,0.0,0.0,0.0,8267.0,8267.0,50.799,50.799,1
SanFrancisco_11082022_BoardofSupervisorsD8,0,,,,,,,,,,2,3,0,36.0,21238.0,0,14134.0,42258.0,True,14134.0,1.398,RAFAEL MANDELMAN,1,36.0,0.0,0.0,0.0,0.0,0.0,0.0,0.0,0.0,27395.0,27395.0,77.453,77.453,1
SanFrancisco_11082022_DistrictAttorney,0.28669508121184195,,,,,,,,,,4,4,0,1279.0,101659.0,126883.0,174802.0,308340.0,True,94727.0,2.427,BROOKE JENKINS,3,1279.0,10613.0,284.0,0.0,10329.0,0.0,0.0,0.0,0.0,126505.0,142412.0,45.847,53.676,1
SanFrancisco_11082022_PublicDefender,0,,,,,,,,,,2,3,0,486.0,138866.0,0,116471.0,308340.0,True,116471.0,1.454,MANO RAJU,1,486.0,0.0,0.0,0.0,0.0,0.0,0.0,0.0,0.0,183378.0,183378.0,71.828,71.828,1
SanLeandro_11022010_CountyCouncilDistrict1,0,,,,,,,,,,3,3,0,34.0,8412.0,1447.0,11641.0,23494.0,True,1447.0,1.651,MICHAEL J. GREGORY,1,34.0,0.0,0.0,0.0,0.0,0.0,0.0,0.0,0.0,13030.0,13030.0,65.007,65.007,1
SanLeandro_11022010_CountyCouncilDistrict3,0,,,,,,,,,,1,3,0,23.0,16307.0,0,1389.0,23494.0,True,17325.0,1.077,DIANA M. SOUZA,1,23.0,0.0,0.0,0.0,0.0,0.0,0.0,0.0,0.0,17183.0,17183.0,97.128,97.128,1
SanLeandro_11022010_CountyCouncilDistrict5,0,,,,,,,,,,2,3,0,41.0,8696.0,1294.0,11617.0,23494.0,True,11354.0,1.634,PAULINE RUSSO CUTTER,1,41.0,0.0,0.0,0.0,0.0,0.0,0.0,0.0,0.0,10784.0,10784.0,53.144,53.144,1
SanLeandro_11022010_Mayor,0.6648192771084337,,,,,,,,,,6,3,1,55.0,5546.0,13636.0,16959.0,23494.0,True,13636.0,2.356,STEPHEN H. CASSIDY,6,55.0,2162.0,28.0,0.0,1229.0,0.0,905.0,367.0,538.0,7908.0,10277.0,35.172,50.571,2
SanLeandro_11032020_MemberCityCouncilDist2SanLeandroRCV,0,,,,,,,,,,2,5,0,225.0,11992.0,484.0,22608.0,39821.0,True,22405.0,1.659,BRYAN AZEVEDO,1,225.0,0.0,0.0,0.0,0.0,0.0,0.0,0.0,0.0,18452.0,18452.0,53.407,53.407,1
SanLeandro_11032020_MemberCityCouncilDist4SanLeandroRCV,0,,,,,,,,,,2,5,0,172.0,12243.0,332.0,20692.0,39821.0,True,20499.0,1.632,FRED SIMON,1,172.0,0.0,0.0,0.0,0.0,0.0,0.0,0.0,0.0,22929.0,22929.0,69.691,69.691,1
SanLeandro_11032020_MemberCityCouncilDist6SanLeandroRCV,0,,,,,,,,,,1,5,0,43.0,29297.0,0,592.0,39821.0,True,29433.0,1.018,PETE BALLEW,1,43.0,0.0,0.0,0.0,0.0,0.0,0.0,0.0,0.0,29215.0,29215.0,97.755,97.755,1
SanLeandro_11042014_CountyCouncilDistrict1,0.5296752519596865,,,,,,,,,,4,3,0,74.0,4237.0,9193.0,11256.0,17200.0,True,9193.0,2.316,DEBORAH COX,3,74.0,1748.0,17.0,0.0,1731.0,0.0,0.0,0.0,0.0,6552.0,8898.0,42.421,64.963,1
SanLeandro_11042014_CountyCouncilDistrict3,0,,,,,,,,,,3,3,0,28.0,4239.0,8161.0,9964.0,17200.0,True,8161.0,2.273,LEE THOMAS,1,28.0,0.0,0.0,0.0,0.0,0.0,0.0,0.0,0.0,7671.0,7671.0,54.044,54.044,1
SanLeandro_11042014_CountyCouncilDistrict5,0,,,,,,,,,,3,3,0,35.0,4288.0,8630.0,10411.0,17200.0,True,8630.0,2.292,CORINA LOPEZ,1,35.0,0.0,0.0,0.0,0.0,0.0,0.0,0.0,0.0,7906.0,7906.0,53.841,53.841,1
SanLeandro_11042014_Mayor,0.2919772583701832,,,,,,,,,,4,3,0,40.0,4735.0,8425.0,11493.0,17200.0,True,8425.0,2.225,PAULINE RUSSO CUTTER,3,40.0,842.0,9.0,0.0,833.0,0.0,0.0,0.0,0.0,7889.0,8801.0,48.67,57.272,1
SanLeandro_11062012_CountyCouncilDistrict2,0.44992553983618766,,,,,,,,,,3,3,0,128.0,6377.0,15295.0,19129.0,28703.0,True,15295.0,2.344,URSULA REED,3,128.0,1508.0,19.0,0.0,1489.0,0.0,0.0,0.0,0.0,10734.0,12057.0,42.2,50.389,1
SanLeandro_11062012_CountyCouncilDistrict4,0.4928234095749606,,,,,,,,,,4,3,0,84.0,6095.0,14663.0,17228.0,28703.0,True,14663.0,2.364,BENNY LEE,4,84.0,2049.0,31.0,0.0,2018.0,0.0,0.0,0.0,0.0,10271.0,12945.0,44.129,60.987,1
SanLeandro_11062012_CountyCouncilDistrict6,0,,,,,,,,,,2,3,0,60.0,8683.0,1284.0,15056.0,28703.0,True,14827.0,1.687,JIM PROLA,1,60.0,0.0,0.0,0.0,0.0,0.0,0.0,0.0,0.0,12873.0,12873.0,54.323,54.323,1
SanLeandro_11062018_CountyCouncilDistrict1,0,,,,,,,,,,3,3,0,94.0,7401.0,13625.0,17495.0,27767.0,True,13625.0,2.246,DEBORAH COX,1,94.0,0.0,0.0,0.0,0.0,0.0,0.0,0.0,0.0,16190.0,16190.0,65.154,65.154,1
SanLeandro_11062018_CountyCouncilDistrict3,0,,,,,,,,,,2,3,0,56.0,9281.0,0,13994.0,27767.0,True,13994.0,1.598,"VICTOR AGUILAR, JR.",1,56.0,0.0,0.0,0.0,0.0,0.0,0.0,0.0,0.0,11902.0,11902.0,51.169,51.169,1
SanLeandro_11062018_CountyCouncilDistrict5,0,,,,,,,,,,2,3,0,47.0,10116.0,0,13183.0,27767.0,True,13183.0,1.563,CORINA N. LOPEZ,1,47.0,0.0,0.0,0.0,0.0,0.0,0.0,0.0,0.0,16415.0,16415.0,70.481,70.481,1
SanLeandro_11062018_Mayor,0,,,,,,,,,,4,3,0,124.0,7058.0,14660.0,18793.0,27767.0,True,14660.0,2.288,PAULINE RUSSO CUTTER,1,124.0,0.0,0.0,0.0,0.0,0.0,0.0,0.0,0.0,13355.0,13355.0,51.782,51.782,1
SanLeandro_11082016_CountyCouncilDistrict2,0,,,,,,,,,,2,3,0,105.0,12295.0,0,14658.0,31790.0,True,14658.0,1.539,ED HERNANDEZ,1,105.0,0.0,0.0,0.0,0.0,0.0,0.0,0.0,0.0,14648.0,14648.0,54.393,54.393,1
SanLeandro_11082016_CountyCouncilDistrict4,0,,,,,,,,,,1,3,0,41.0,23296.0,0,0,31790.0,True,23296.0,0.998,BENNY LEE,1,41.0,0.0,0.0,0.0,0.0,0.0,0.0,0.0,0.0,23293.0,23293.0,100.0,100.0,1
SanLeandro_11082016_CountyCouncilDistrict6,0,,,,,,,,,,1,3,0,34.0,21344.0,0,0,31790.0,True,21344.0,0.999,PETE BALLEW,1,34.0,0.0,0.0,0.0,0.0,0.0,0.0,0.0,0.0,21338.0,21338.0,100.0,100.0,1
SantaFe_03062018_CityCouncilDistrict2,0,,,,,,,,,,3,3,0,4.0,1117.0,4280.0,5141.0,6433.0,True,4280.0,2.505,Carol Romero-Wirth,1,4.0,0.0,0.0,0.0,0.0,0.0,0.0,0.0,0.0,3310.0,3310.0,52.909,52.909,1
SantaFe_03062018_CityCouncilDistrict4,0.6152758132956153,,,,,,,,,,3,3,0,8.0,1091.0,3447.0,3812.0,5080.0,True,3447.0,2.479,JoAnne Vigil Coppler,2,8.0,356.0,4.0,0.0,352.0,0.0,0.0,0.0,0.0,2121.0,2565.0,43.295,56.46,1
SantaFe_03062018_Mayor,0.6120765508139023,,,,,,,,,,5,5,0,26.0,2723.0,15965.0,17892.0,20670.0,True,12876.0,3.945,Alan Webber,4,26.0,830.0,26.0,0.0,804.0,0.0,0.0,0.0,0.0,8080.0,13088.0,39.216,66.188,1
Springville_11022021_CityCouncil2yr,0.2490367775831874,,,,,,,,,,3,3,0,13.0,1047.0,4536.0,5008.0,6307.0,True,4536.0,2.574,CHRIS SORENSEN,2,13.0,82.0,4.0,0.0,78.0,0.0,0.0,0.0,0.0,2855.0,3257.0,47.206,54.593,1
Springville_11022021_Mayor,0,,,,,,,,,,3,3,0,8.0,1482.0,4381.0,4638.0,6307.0,True,4381.0,2.473,MATT PACKARD,1,8.0,0.0,0.0,0.0,0.0,0.0,0.0,0.0,0.0,4671.0,4671.0,76.398,76.398,1
StLouisPark_11022021_CityCouncilWard1,0,,,,,,,,,,1,3,0,1.0,866.0,0,29.0,933.0,True,836.0,1.031,Margaret Rog,1,1.0,0.0,0.0,0.0,0.0,0.0,0.0,0.0,0.0,825.0,825.0,92.179,92.179,1
StLouisPark_11022021_CityCouncilWard2,0,,,,,,,,,,2,3,0,2.0,1491.0,1.0,95.0,1611.0,True,63.0,1.059,Lynette Lungay Dumalag,1,2.0,0.0,0.0,0.0,0.0,0.0,0.0,0.0,0.0,975.0,975.0,61.475,61.475,1
StLouisPark_11022021_CityCouncilWard3,0.4423407917383821,,,,,,,,,,3,3,0,0,358.0,696.0,989.0,1359.0,True,696.0,2.251,Sue Budd,3,0.0,41.0,0.0,0.0,41.0,0.0,0.0,0.0,0.0,581.0,747.0,43.133,57.198,1
StLouisPark_11022021_CityCouncilWard4,0,,,,,,,,,,1,3,0,1.0,698.0,0,14.0,757.0,True,685.0,1.02,Tim Brausen,1,1.0,0.0,0.0,0.0,0.0,0.0,0.0,0.0,0.0,678.0,678.0,95.359,95.359,1
TakomaPark_11082022_CityCouncilWard1,0,,,,,,,,,,3,4,0,0,397.0,640.0,967.0,1364.0,True,628.0,2.188,Shana Fulcher,1,0.0,0.0,0.0,0.0,0.0,0.0,0.0,0.0,0.0,792.0,792.0,58.065,58.065,1
TakomaPark_11082022_CityCouncilWard2,0,,,,,,,,,,1,2,0,0,1027.0,0,45.0,1072.0,True,1027.0,1.042,Cindy Dyballa,1,0.0,0.0,0.0,0.0,0.0,0.0,0.0,0.0,0.0,1010.0,1010.0,94.216,94.216,1
TakomaPark_11082022_CityCouncilWard3,0.473421926910299,,,,,,,,,,5,4,0,0,287.0,732.0,1086.0,1373.0,True,10.0,2.331,Randy Gibson,3,0.0,25.0,0.0,0.0,25.0,0.0,0.0,0.0,0.0,601.0,726.0,43.773,53.858,1
TakomaPark_11082022_CityCouncilWard4,0,,,,,,,,,,1,2,0,0,547.0,0,29.0,576.0,True,570.0,1.05,Terry Seamens,1,0.0,0.0,0.0,0.0,0.0,0.0,0.0,0.0,0.0,559.0,559.0,97.049,97.049,1
TakomaPark_11082022_CityCouncilWard6,0.44565217391304346,,,,,,,,,,7,5,1,0,173.0,348.0,479.0,652.0,True,11.0,2.718,Jason Small,4,0.0,45.0,0.0,0.0,45.0,0.0,0.0,0.0,0.0,268.0,315.0,41.104,51.895,1
TakomaPark_11082022_Mayor,0,,,,,,,,,,6,4,1,0,1121.0,3114.0,4591.0,5712.0,True,106.0,2.367,Talisha Searcy,1,0.0,0.0,0.0,0.0,0.0,0.0,0.0,0.0,0.0,2974.0,2974.0,52.066,52.066,1
Vineyard_11022021_Mayor,0,,,,,,,,,,3,3,0,1.0,317.0,1152.0,1220.0,1540.0,True,1152.0,2.543,JULIE FULLMER,1,1.0,0.0,0.0,0.0,0.0,0.0,0.0,0.0,0.0,1330.0,1330.0,86.589,86.589,1
Vineyard_11052019_CityCouncil,0.4012096774193548,,,,,,,,,,7,7,0,0,64.0,942.0,1025.0,1112.0,True,637.0,5.489,CRISTY WELSH,6,0.0,44.0,0.0,0.0,44.0,0.0,0.0,0.0,0.0,346.0,587.0,31.772,56.172,1
WoodlandHills_11022021_Mayor,0.7063197026022305,,,,,,,,,,3,3,0,0,128.0,393.0,527.0,658.0,True,393.0,2.405,BRENT WINDER,2,0.0,56.0,1.0,0.0,55.0,0.0,0.0,0.0,0.0,269.0,331.0,41.069,55.259,1
Wyoming_04172020_PRESIDENTOFTHEUNITEDSTATES,0,,,,,,,,,,9,5,1,24.0,4084.0,6751.0,11318.0,15428.0,True,3353.0,2.662,Joseph R. Biden,1,24.0,0.0,0.0,0.0,0.0,0.0,0.0,0.0,0.0,10105.0,10105.0,65.655,65.655,1
